tF_wis_h1,tF_cov95_h1,tS_wis_h1,tS_cov95_h1,tF_wis_h2,tF_cov95_h2,tS_wis_h2,tS_cov95_h2,tF_wis_h3,tF_cov95_h3,tS_wis_h3,tS_cov95_h3,tF_wis_h4,tF_cov95_h4,tS_wis_h4,tS_cov95_h4,n_full,n_strict,region,baseline,seed
0.13977613013646575,0.905511811023622,0.1535422787983315,0.9060402684563759,0.27770023349467055,0.8622047244094488,0.3039194264086867,0.8657718120805369,0.3996651402096761,0.8110236220472441,0.44215460728400086,0.8389261744966443,0.5056077680111197,0.8110236220472441,0.5491853679032493,0.8389261744966443,254,149,hhs1,dlinear,-1
0.1699750249920972,0.8267716535433071,0.16567186052374294,0.8926174496644296,0.25856920974573505,0.8858267716535433,0.25838808488407683,0.8993288590604027,0.3152321287547336,0.9173228346456693,0.3211648846659757,0.9261744966442953,0.38036824197863567,0.8188976377952756,0.37303161248667716,0.8926174496644296,254,149,hhs1,lstm,42
0.15151782896641522,0.8464566929133859,0.13862813334222762,0.912751677852349,0.23312587294429846,0.8464566929133859,0.22163712456584858,0.9060402684563759,0.29741126684180985,0.8385826771653543,0.29002157947061374,0.9261744966442953,0.35794064770151546,0.8307086614173228,0.3370731675865042,0.9395973154362416,254,149,hhs1,lstm,123
0.172829549399162,0.8464566929133859,0.16380904488459042,0.9328859060402684,0.2598651834199476,0.8267716535433071,0.2550645482049315,0.9328859060402684,0.31292105280862353,0.8307086614173228,0.31383734634095684,0.9463087248322147,0.374149312547311,0.8110236220472441,0.36643961623523,0.9463087248322147,254,149,hhs1,lstm,456
0.2006211193467731,0.8385826771653543,0.20254222416696774,0.9395973154362416,0.293250997819878,0.8110236220472441,0.2933728021153809,0.9395973154362416,0.33301462305081986,0.8385826771653543,0.34056605208203455,0.9395973154362416,0.38544537893235786,0.8149606299212598,0.3908584626597757,0.9328859060402684,254,149,hhs1,lstm,789
0.20465838400278116,0.8188976377952756,0.19553508574984863,0.8926174496644296,0.30455957334623673,0.8110236220472441,0.3043266085870655,0.8926174496644296,0.3762421458035256,0.7992125984251969,0.37957990632101063,0.8791946308724832,0.44121140998969943,0.7952755905511811,0.43810199792916266,0.8859060402684564,254,149,hhs1,lstm,1024
0.2229519904493375,0.9133858267716536,0.22858424402482547,0.8859060402684564,0.3284544701460441,0.7677165354330708,0.3069618342189823,0.8657718120805369,0.39230584620254394,0.7598425196850394,0.3641007635308894,0.8791946308724832,0.46268712810369966,0.7559055118110236,0.4032462122643618,0.8859060402684564,254,149,hhs1,vanilla_mamba,42
0.1940509912817258,0.937007874015748,0.22728837670545343,0.8993288590604027,0.28140532354570286,0.905511811023622,0.30982219842966785,0.8926174496644296,0.3455883303101339,0.84251968503937,0.35161989573518404,0.87248322147651,0.4115594789963648,0.8031496062992126,0.3938244100794692,0.8657718120805369,254,149,hhs1,vanilla_mamba,123
0.1928359158693401,0.9330708661417323,0.2213972489293156,0.8993288590604027,0.2702681492630108,0.9133858267716536,0.2977582624402851,0.8859060402684564,0.3371171026618142,0.889763779527559,0.3429591932121504,0.8859060402684564,0.3919368486739045,0.8346456692913385,0.37791967570229634,0.87248322147651,254,149,hhs1,vanilla_mamba,456
0.19586477353695234,0.937007874015748,0.1946079197877732,0.9194630872483222,0.3183083439633628,0.9212598425196851,0.2975877520491359,0.9060402684563759,0.4030475626369274,0.6259842519685039,0.3616712087484725,0.8187919463087249,0.4412687601666503,0.6496062992125984,0.39684318578355854,0.8187919463087249,254,149,hhs1,vanilla_mamba,789
0.18654243476987065,0.937007874015748,0.23032041854332083,0.8993288590604027,0.2913837065538947,0.8976377952755905,0.33796967344158757,0.8657718120805369,0.3589825164280202,0.8818897637795275,0.40143448214958494,0.87248322147651,0.41691452070916185,0.8070866141732284,0.4387914818724164,0.8456375838926175,254,149,hhs1,vanilla_mamba,1024
0.2723027070369161,0.8818897637795275,0.3017326125440327,0.8791946308724832,0.3627347170055384,0.9133858267716536,0.4206873439897018,0.8993288590604027,0.4170023050172214,0.9330708661417323,0.4782204593757666,0.8993288590604027,0.4879367776522588,0.9291338582677166,0.5440731462691154,0.8993288590604027,254,149,hhs1,patchtst,42
0.2671813573769807,0.8858267716535433,0.27896277058213664,0.9261744966442953,0.3335265042908228,0.9488188976377953,0.38125799217868356,0.9194630872483222,0.3913586478764317,0.9488188976377953,0.4390279965551233,0.9261744966442953,0.4480857801773327,0.937007874015748,0.49962754579537266,0.9194630872483222,254,149,hhs1,patchtst,123
0.2749354259226954,0.8543307086614174,0.2953780233161005,0.8187919463087249,0.3521440336636559,0.9133858267716536,0.38612485142493314,0.8926174496644296,0.4115329784815359,0.9173228346456693,0.4601311657151148,0.8859060402684564,0.46584338451043783,0.8818897637795275,0.5212681857692087,0.8791946308724832,254,149,hhs1,patchtst,456
0.27110577600073454,0.9094488188976378,0.27850513248225334,0.8791946308724832,0.3284249770328797,0.9094488188976378,0.3589972358260001,0.8859060402684564,0.3788579190909264,0.937007874015748,0.4299933640011582,0.8993288590604027,0.44113541113548904,0.9173228346456693,0.48021943057056027,0.8926174496644296,254,149,hhs1,patchtst,789
0.20629974203259385,0.9330708661417323,0.2045002850493122,0.9261744966442953,0.30500147441155995,0.9212598425196851,0.33690193910741095,0.8926174496644296,0.3745610685187485,0.9015748031496063,0.4263048462492701,0.8657718120805369,0.4059014744933493,0.9133858267716536,0.47581012771727715,0.8859060402684564,254,149,hhs1,patchtst,1024
0.1535516352794792,0.9221789883268483,0.18364753193917413,0.9060402684563759,0.2742310727271217,0.9105058365758755,0.3275550291559937,0.9060402684563759,0.37183996922967777,0.8521400778210116,0.4482975473191215,0.87248322147651,0.46875202832197066,0.8560311284046692,0.5603848150400055,0.8791946308724832,257,149,hhs1,cg_mamba,42
0.1483554269734149,0.9299610894941635,0.18410818793385436,0.9060402684563759,0.2652655668331063,0.9066147859922179,0.33790836801161905,0.8791946308724832,0.36920807247120896,0.8871595330739299,0.4739915015875237,0.8523489932885906,0.4545327692234868,0.8871595330739299,0.5779185445456483,0.8657718120805369,257,149,hhs1,cg_mamba,123
0.1529067244327674,0.9027237354085603,0.18344582007192797,0.8859060402684564,0.269741184604356,0.8949416342412452,0.32160277340652155,0.8791946308724832,0.37077550446926855,0.8754863813229572,0.4461272731358781,0.8523489932885906,0.45633723382975033,0.8638132295719845,0.544740325826846,0.8456375838926175,257,149,hhs1,cg_mamba,456
0.1495059840264092,0.9182879377431906,0.18066716410701592,0.8993288590604027,0.2734774778564216,0.8871595330739299,0.3220413536026127,0.9060402684563759,0.3752921646952854,0.8443579766536965,0.4408038265267533,0.8859060402684564,0.4743655321724219,0.8210116731517509,0.5492368408902606,0.8657718120805369,257,149,hhs1,cg_mamba,789
0.150064209630478,0.9221789883268483,0.18412806469196177,0.8993288590604027,0.26698429225956966,0.9105058365758755,0.3286175942066202,0.8926174496644296,0.35823646196142156,0.9027237354085603,0.4424980163474376,0.8859060402684564,0.4558263758900755,0.8949416342412452,0.5650153434807369,0.8791946308724832,257,149,hhs1,cg_mamba,1024
0.21184763773110774,0.905511811023622,0.21194313459162573,0.8993288590604027,0.3634388396124476,0.8818897637795275,0.3414531994568179,0.8859060402684564,0.48390248140398484,0.8661417322834646,0.4391358829711187,0.8791946308724832,0.5888828772543406,0.8110236220472441,0.5352690974072724,0.8456375838926175,254,149,hhs2,dlinear,-1
0.24277245482193618,0.9133858267716536,0.25431669856856715,0.8926174496644296,0.42739708744652016,0.8818897637795275,0.44153488281024944,0.8590604026845637,0.5245990298648804,0.8543307086614174,0.5351546313912119,0.8389261744966443,0.6402102147653,0.8346456692913385,0.6611078391642179,0.825503355704698,254,149,hhs2,lstm,42
0.22511247019687283,0.9212598425196851,0.23916608303626302,0.9060402684563759,0.3945784574993042,0.9133858267716536,0.41263186610297337,0.8993288590604027,0.5288712365926782,0.8818897637795275,0.5582387489248791,0.87248322147651,0.6647607386326023,0.8267716535433071,0.700662669956967,0.8120805369127517,254,149,hhs2,lstm,123
0.314726847213935,0.7598425196850394,0.34357305089392653,0.7516778523489933,0.48399026569233705,0.7795275590551181,0.5323129146144046,0.7583892617449665,0.6735318590407393,0.7440944881889764,0.7281578227879926,0.7248322147651006,0.7657891480664335,0.7283464566929134,0.8173609933036928,0.7248322147651006,254,149,hhs2,lstm,456
0.2575416878940765,0.8818897637795275,0.2738573838123539,0.8523489932885906,0.40813935296151743,0.8661417322834646,0.40429197487930396,0.8590604026845637,0.5019942207273284,0.9133858267716536,0.48647999066590764,0.9060402684563759,0.5989946539671078,0.889763779527559,0.5675453424191798,0.8993288590604027,254,149,hhs2,lstm,789
0.21480244519704897,0.8858267716535433,0.21736573834146136,0.8926174496644296,0.36920650999695565,0.8464566929133859,0.38138181170203145,0.8657718120805369,0.499623734290416,0.8188976377952756,0.5193603296022831,0.8456375838926175,0.5937323026247013,0.7874015748031497,0.6144893144270305,0.8187919463087249,254,149,hhs2,lstm,1024
0.3763441080175957,0.8267716535433071,0.4086126347065741,0.8322147651006712,0.5084572297869129,0.8110236220472441,0.5035047592820819,0.7919463087248322,0.6564537848206006,0.8307086614173228,0.6220308824063908,0.825503355704698,0.7529178818274319,0.8267716535433071,0.6926437414040528,0.8389261744966443,254,149,hhs2,vanilla_mamba,42
0.3395929974933864,0.9094488188976378,0.3731596576974369,0.8993288590604027,0.4714452546862063,0.8228346456692913,0.4873466470595559,0.785234899328859,0.6519565305594709,0.8543307086614174,0.6454644227896836,0.825503355704698,0.8016539417287591,0.8543307086614174,0.767179006904798,0.8523489932885906,254,149,hhs2,vanilla_mamba,123
0.32257914533613474,0.8937007874015748,0.3632242181638542,0.87248322147651,0.419502812982054,0.8543307086614174,0.4363130519535587,0.825503355704698,0.553848861745932,0.8346456692913385,0.5467706986089376,0.825503355704698,0.6400391158417116,0.8188976377952756,0.628769357815095,0.825503355704698,254,149,hhs2,vanilla_mamba,456
0.3248668894917354,0.8228346456692913,0.34622704256246584,0.8053691275167785,0.5092784580175993,0.8188976377952756,0.4841371948799513,0.825503355704698,0.6803654242647003,0.8503937007874016,0.6300708849430828,0.8590604026845637,0.7935796643458113,0.8385826771653543,0.7505918183197537,0.8322147651006712,254,149,hhs2,vanilla_mamba,789
0.32099844925580395,0.9212598425196851,0.3563794944376949,0.912751677852349,0.5095047993354381,0.8267716535433071,0.5098077423299598,0.8322147651006712,0.6433903728271957,0.84251968503937,0.596761759386157,0.8657718120805369,0.7313330077733176,0.8858267716535433,0.6723437602266159,0.8993288590604027,254,149,hhs2,vanilla_mamba,1024
0.31466033424894346,0.84251968503937,0.3273021453880086,0.8389261744966443,0.44823215173804815,0.8307086614173228,0.48222993625664906,0.8187919463087249,0.5532545259539886,0.7559055118110236,0.5828695273369738,0.7651006711409396,0.6866124743318385,0.7086614173228346,0.6943995910382432,0.7449664429530202,254,149,hhs2,patchtst,42
0.326687231043122,0.7874015748031497,0.29870023488998126,0.8590604026845637,0.42953406513583264,0.8188976377952756,0.4268423996931177,0.8120805369127517,0.5433726092133397,0.7480314960629921,0.5245844452719316,0.7315436241610739,0.6458116799453308,0.7283464566929134,0.6251120259393673,0.7181208053691275,254,149,hhs2,patchtst,123
0.3389106919056564,0.8070866141732284,0.34395764013896074,0.7785234899328859,0.4525226653665065,0.8503937007874016,0.4707379090395726,0.8322147651006712,0.5214259539042144,0.8149606299212598,0.5260491164116001,0.8120805369127517,0.6062013841915307,0.7362204724409449,0.5909255815791306,0.7315436241610739,254,149,hhs2,patchtst,456
0.3156937337307808,0.8346456692913385,0.3074796271026075,0.8456375838926175,0.411750667029561,0.7716535433070866,0.407552214347555,0.7651006711409396,0.4589047058601462,0.8267716535433071,0.46392911692274036,0.8322147651006712,0.5637155965444922,0.7952755905511811,0.5470759260309322,0.8053691275167785,254,149,hhs2,patchtst,789
0.27809587315981843,0.84251968503937,0.2526970129996618,0.8590604026845637,0.37022260966987147,0.8464566929133859,0.35223941434218625,0.8456375838926175,0.4587601534725375,0.8818897637795275,0.4429845575114088,0.8791946308724832,0.5056453356024985,0.9015748031496063,0.5220127030891722,0.8926174496644296,254,149,hhs2,patchtst,1024
0.21187235460483914,0.9221789883268483,0.22428368784859104,0.912751677852349,0.3423526875298461,0.8793774319066148,0.3619971195969761,0.8859060402684564,0.4427131102523001,0.8638132295719845,0.4723136597918409,0.87248322147651,0.5284281001096316,0.8871595330739299,0.584717790853403,0.8657718120805369,257,149,hhs2,cg_mamba,42
0.19341854894236546,0.9027237354085603,0.2061767562135678,0.8859060402684564,0.30658019208549175,0.9105058365758755,0.3306073465884483,0.8926174496644296,0.40444332440367436,0.9182879377431906,0.44244990211555696,0.8926174496644296,0.4770193811944503,0.8988326848249028,0.5345539802925493,0.8657718120805369,257,149,hhs2,cg_mamba,123
0.22046330584717946,0.8988326848249028,0.2245586947394858,0.8993288590604027,0.36828233937305543,0.8365758754863813,0.372264804454122,0.8590604026845637,0.47872627449438876,0.8132295719844358,0.4795064673270566,0.8523489932885906,0.5648731164255454,0.7665369649805448,0.5791640302126603,0.7919463087248322,257,149,hhs2,cg_mamba,456
0.20305719862466756,0.9105058365758755,0.21153669691303056,0.8993288590604027,0.33233016890308903,0.8871595330739299,0.3474208729347012,0.8993288590604027,0.440734913278812,0.8560311284046692,0.46490187012380285,0.87248322147651,0.5225002731198158,0.8560311284046692,0.5666613533175721,0.8590604026845637,257,149,hhs2,cg_mamba,789
0.20040789613316012,0.9182879377431906,0.2131851556789752,0.8993288590604027,0.3343096002884757,0.8871595330739299,0.351144024643228,0.8791946308724832,0.44453099337663043,0.8287937743190662,0.4613046723721413,0.8187919463087249,0.5345401366925783,0.7704280155642024,0.5685514002868882,0.7785234899328859,257,149,hhs2,cg_mamba,1024
0.13933483031004454,0.9448818897637795,0.14402347793409975,0.9328859060402684,0.24780539302392232,0.9448818897637795,0.2514176614049107,0.9328859060402684,0.33192442185957793,0.9488188976377953,0.32592075494568734,0.9463087248322147,0.3974244136533616,0.9173228346456693,0.37876484526519455,0.9194630872483222,254,149,hhs3,dlinear,-1
0.1614270325009927,0.7992125984251969,0.15226898573940761,0.8456375838926175,0.29166234782621847,0.7952755905511811,0.27936112762926185,0.8322147651006712,0.39450653731985286,0.8582677165354331,0.36832738017304645,0.8657718120805369,0.526871445570991,0.7322834645669292,0.46127708623366886,0.785234899328859,254,149,hhs3,lstm,42
0.13436658841159085,0.8858267716535433,0.14340661097273666,0.9060402684563759,0.23215521825432062,0.8818897637795275,0.24051389575807441,0.8993288590604027,0.32213172269381135,0.8228346456692913,0.31434407295178307,0.87248322147651,0.42223804244919033,0.7637795275590551,0.3774908845855116,0.8389261744966443,254,149,hhs3,lstm,123
0.1476050941701443,0.8503937007874016,0.14511879669311561,0.8993288590604027,0.282984353765036,0.7716535433070866,0.27787970338544776,0.825503355704698,0.4027150809769273,0.7598425196850394,0.3902504882267182,0.8053691275167785,0.5178426962885846,0.7283464566929134,0.48349227854240634,0.785234899328859,254,149,hhs3,lstm,456
0.16790558229940206,0.8858267716535433,0.16654473466447,0.9261744966442953,0.28442712877668497,0.8937007874015748,0.2756990710885638,0.9194630872483222,0.3858024455112759,0.8267716535433071,0.3685723680225691,0.8791946308724832,0.49046016587122115,0.7440944881889764,0.45359026108772027,0.7986577181208053,254,149,hhs3,lstm,789
0.16913861562762916,0.8464566929133859,0.1502406495335342,0.912751677852349,0.24318292948117215,0.8503937007874016,0.22143942305610947,0.9194630872483222,0.3002211816493141,0.8228346456692913,0.2562342431268574,0.9060402684563759,0.3489098397858223,0.7992125984251969,0.2804574153024916,0.8993288590604027,254,149,hhs3,lstm,1024
0.17180973959571796,0.9566929133858267,0.18612803874769987,0.9530201342281879,0.2407161367587381,0.9409448818897638,0.24678180050496623,0.9395973154362416,0.29150292180868137,0.84251968503937,0.29825293971711886,0.8389261744966443,0.3534426638929446,0.7992125984251969,0.3393397478410585,0.8322147651006712,254,149,hhs3,vanilla_mamba,42
0.20293214278080202,0.7401574803149606,0.22352725470804397,0.6912751677852349,0.27384820553366473,0.9212598425196851,0.29147221297160697,0.912751677852349,0.33071756951665054,0.8543307086614174,0.3244384113573668,0.8590604026845637,0.4070534509439513,0.7874015748031497,0.3707642002205783,0.8322147651006712,254,149,hhs3,vanilla_mamba,123
0.18272358375269557,0.8188976377952756,0.20335582431776228,0.7516778523489933,0.2449338831024933,0.9448818897637795,0.2579909308802884,0.9328859060402684,0.2928548782719303,0.905511811023622,0.2782411225043822,0.9194630872483222,0.33575628354485665,0.8740157480314961,0.30047376135268167,0.8993288590604027,254,149,hhs3,vanilla_mamba,456
0.1977136822311114,0.9291338582677166,0.18306501092204208,0.9328859060402684,0.3120543671726076,0.8582677165354331,0.2720087045683972,0.87248322147651,0.42002517122207705,0.7637795275590551,0.3409692346471159,0.8120805369127517,0.4823486593036032,0.7598425196850394,0.38316558340771373,0.8322147651006712,254,149,hhs3,vanilla_mamba,789
0.1653324688083784,0.9094488188976378,0.18881442201985624,0.8791946308724832,0.2802996136302617,0.9212598425196851,0.29392836350962415,0.912751677852349,0.3813916833435021,0.8110236220472441,0.3823030702444257,0.8120805369127517,0.44892398914065323,0.7598425196850394,0.41205048671225997,0.8053691275167785,254,149,hhs3,vanilla_mamba,1024
0.22569259724109192,0.8346456692913385,0.22565456337716108,0.8523489932885906,0.31694991505649334,0.8740157480314961,0.32901655716260253,0.8859060402684564,0.3722772520232088,0.8582677165354331,0.3863765935155257,0.8590604026845637,0.4723003938845715,0.7598425196850394,0.46022615275112644,0.8389261744966443,254,149,hhs3,patchtst,42
0.2276919828187687,0.7952755905511811,0.2007168789658529,0.8590604026845637,0.2804359647957634,0.8976377952755905,0.2917009050725872,0.8926174496644296,0.3466924804381812,0.905511811023622,0.3458947889813485,0.87248322147651,0.40111489031910275,0.905511811023622,0.3813201721904854,0.8859060402684564,254,149,hhs3,patchtst,123
0.24577809275596474,0.8779527559055118,0.2509467904442633,0.8993288590604027,0.3312455836753385,0.8818897637795275,0.35662875127422144,0.87248322147651,0.38074844413525294,0.8700787401574803,0.3930973891601876,0.8523489932885906,0.4238981692397151,0.8661417322834646,0.4168504879475894,0.8657718120805369,254,149,hhs3,patchtst,456
0.22259512339632032,0.9015748031496063,0.22678336623460227,0.9194630872483222,0.3064080276800337,0.9448818897637795,0.3157006225241561,0.9328859060402684,0.332497380252088,0.9251968503937008,0.3376942839433551,0.9194630872483222,0.3905456265622082,0.9015748031496063,0.3708663098178465,0.9060402684563759,254,149,hhs3,patchtst,789
0.1916932840964407,0.8779527559055118,0.17635411670813675,0.8791946308724832,0.2695718567594217,0.9330708661417323,0.2565825716741025,0.9261744966442953,0.32517244428907416,0.889763779527559,0.3093970318343471,0.8926174496644296,0.34955204059264544,0.9133858267716536,0.34391315166492,0.912751677852349,254,149,hhs3,patchtst,1024
0.12567077307588548,0.933852140077821,0.1380223120749461,0.9194630872483222,0.21367645799483506,0.9455252918287937,0.23426702178687678,0.9395973154362416,0.2826321697679251,0.9299610894941635,0.29989303359060415,0.9328859060402684,0.34694072673509296,0.8754863813229572,0.3610805352905795,0.8993288590604027,257,149,hhs3,cg_mamba,42
0.12978641940468086,0.9221789883268483,0.14317782863749048,0.9060402684563759,0.21590212646212928,0.9299610894941635,0.24188453196331633,0.912751677852349,0.28131325174025784,0.9416342412451362,0.3064451830866218,0.9328859060402684,0.3323659881223933,0.9182879377431906,0.3554297296184523,0.8926174496644296,257,149,hhs3,cg_mamba,123
0.13577822872740208,0.9221789883268483,0.14241825792533477,0.9194630872483222,0.2248376291668307,0.9182879377431906,0.2354006617360154,0.912751677852349,0.2914591637460671,0.9066147859922179,0.2906969428877491,0.912751677852349,0.35225496665516304,0.8210116731517509,0.34570466510598485,0.8590604026845637,257,149,hhs3,cg_mamba,456
0.128696266235507,0.933852140077821,0.14051834925212103,0.9194630872483222,0.21891565103407226,0.933852140077821,0.23616357522413048,0.9328859060402684,0.28814966035416295,0.8910505836575876,0.2961356815284751,0.9261744966442953,0.35461431888577544,0.8443579766536965,0.3545201827695709,0.8926174496644296,257,149,hhs3,cg_mamba,789
0.12732272732541564,0.9299610894941635,0.14054780326530028,0.9194630872483222,0.2081498528031609,0.9260700389105059,0.22879670531420823,0.912751677852349,0.26538642330738244,0.9105058365758755,0.276328935762229,0.9060402684563759,0.3292440729448739,0.8482490272373541,0.33880314464318323,0.87248322147651,257,149,hhs3,cg_mamba,1024
0.18333671836368773,0.9448818897637795,0.20172636389397078,0.9261744966442953,0.349703749909305,0.9212598425196851,0.3859008786388317,0.9060402684563759,0.4563967422871968,0.9251968503937008,0.4901967411244701,0.912751677852349,0.5469952814650103,0.9330708661417323,0.5836032722547285,0.9194630872483222,254,149,hhs4,dlinear,-1
0.23301857045747315,0.9251968503937008,0.2395815942609885,0.9328859060402684,0.42834835090558726,0.9251968503937008,0.42238229496158963,0.9395973154362416,0.5288636329445919,0.8385826771653543,0.49484035525223447,0.8523489932885906,0.66204489336039,0.7637795275590551,0.5740359196956611,0.7986577181208053,254,149,hhs4,lstm,42
0.20597472897297622,0.9763779527559056,0.22349209501983533,0.9664429530201343,0.3688983205263201,0.9488188976377953,0.37449485561463103,0.9463087248322147,0.4912196933046983,0.9448818897637795,0.4820939307456571,0.959731543624161,0.5951264795654352,0.8503937007874016,0.5329794392184914,0.8993288590604027,254,149,hhs4,lstm,123
0.2681130583935034,0.8700787401574803,0.25469320330196255,0.8993288590604027,0.4420445466177654,0.8740157480314961,0.39434333382225795,0.9060402684563759,0.635627399372969,0.8267716535433071,0.5333376522452691,0.8791946308724832,0.7411657770461896,0.7795275590551181,0.570142389291511,0.8456375838926175,254,149,hhs4,lstm,456
0.22747289490567335,0.8543307086614174,0.22391244896740123,0.8926174496644296,0.3941748277993914,0.905511811023622,0.35522729723343816,0.9261744966442953,0.5168560473890136,0.8937007874015748,0.4356761507799058,0.9395973154362416,0.6648879052333494,0.7755905511811023,0.5160368539794963,0.8389261744966443,254,149,hhs4,lstm,789
0.18844085769498248,0.9330708661417323,0.19327447223088157,0.9395973154362416,0.368029910808749,0.9015748031496063,0.38114386689520285,0.9261744966442953,0.5043841326663578,0.8779527559055118,0.5103359461957935,0.9060402684563759,0.6141039481154211,0.7952755905511811,0.5981622472133465,0.87248322147651,254,149,hhs4,lstm,1024
0.29759803304086313,0.8858267716535433,0.3345424875808247,0.8523489932885906,0.40675220682968355,0.8976377952755905,0.418536640748155,0.9060402684563759,0.5344880845346339,0.8346456692913385,0.529242820595102,0.8657718120805369,0.5819491147793875,0.8543307086614174,0.5532839840225903,0.8993288590604027,254,149,hhs4,vanilla_mamba,42
0.2544704514035238,0.937007874015748,0.2807868590678242,0.8993288590604027,0.3817577965738853,0.9212598425196851,0.3906796311034247,0.9395973154362416,0.5344902214006877,0.8976377952755905,0.5142192850562092,0.9261744966442953,0.6600576455338957,0.8070866141732284,0.6077848972776654,0.8389261744966443,254,149,hhs4,vanilla_mamba,123
0.2625447399779488,0.9409448818897638,0.3011350276011204,0.9060402684563759,0.3481914390689438,0.937007874015748,0.36528537903601127,0.9463087248322147,0.463009019254599,0.937007874015748,0.4461657132267684,0.9731543624161074,0.5406670133715806,0.8976377952755905,0.4931263501314343,0.9530201342281879,254,149,hhs4,vanilla_mamba,456
0.2321698414697042,0.937007874015748,0.2535803446898968,0.9261744966442953,0.3911069351614955,0.905511811023622,0.39159505380174253,0.9060402684563759,0.5541454460790264,0.8700787401574803,0.5392366877703995,0.8993288590604027,0.6789616824903136,0.8228346456692913,0.6449470302287769,0.8791946308724832,254,149,hhs4,vanilla_mamba,789
0.258242107193775,0.9448818897637795,0.3037802673766435,0.9060402684563759,0.44579735927515557,0.8858267716535433,0.4520138775330427,0.8791946308724832,0.5729274391135754,0.8622047244094488,0.5407732249569421,0.8926174496644296,0.6641511395744121,0.8267716535433071,0.6163002502952122,0.8590604026845637,254,149,hhs4,vanilla_mamba,1024
0.28769861260912555,0.8700787401574803,0.30939297377480945,0.912751677852349,0.40916479606080275,0.937007874015748,0.43860306658845294,0.912751677852349,0.48957574620386674,0.9173228346456693,0.5314007299866625,0.8993288590604027,0.6225630430941247,0.8818897637795275,0.6444492062802013,0.9194630872483222,254,149,hhs4,patchtst,42
0.2940214434692793,0.8858267716535433,0.29678705517840115,0.9261744966442953,0.38559882277697505,0.937007874015748,0.416569927993319,0.8993288590604027,0.4675784926192926,0.9094488188976378,0.48232846328361484,0.8791946308724832,0.536264500763029,0.9015748031496063,0.5326597476754529,0.8926174496644296,254,149,hhs4,patchtst,123
0.29599968745943245,0.937007874015748,0.32007002499118575,0.8993288590604027,0.40429559129014,0.9330708661417323,0.4429815430783173,0.8926174496644296,0.48455949930602943,0.9094488188976378,0.5136997263035724,0.8657718120805369,0.5526254388105417,0.8858267716535433,0.5822094281925312,0.87248322147651,254,149,hhs4,patchtst,456
0.28870343453584274,0.9094488188976378,0.3072751707664818,0.87248322147651,0.40888528429619236,0.9212598425196851,0.420277219761208,0.8791946308724832,0.46014602468713883,0.9173228346456693,0.4708675203944156,0.8791946308724832,0.5311757962016044,0.8740157480314961,0.5090529336106826,0.912751677852349,254,149,hhs4,patchtst,789
0.2635449208348345,0.9212598425196851,0.2710371460797331,0.8859060402684564,0.36147902135269583,0.9409448818897638,0.3715275271421305,0.9194630872483222,0.42823634530800675,0.9251968503937008,0.42960470625890923,0.9194630872483222,0.46499780547626063,0.9212598425196851,0.46385710765313715,0.9060402684563759,254,149,hhs4,patchtst,1024
0.1873826290868117,0.9571984435797666,0.22108262716459004,0.9261744966442953,0.32345216664215115,0.9494163424124513,0.37648814320838986,0.912751677852349,0.41291322183434603,0.9455252918287937,0.47006513338391676,0.9328859060402684,0.5004454503501208,0.9182879377431906,0.5643112228308688,0.9060402684563759,257,149,hhs4,cg_mamba,42
0.18166595123923576,0.9688715953307393,0.21801712186423752,0.9463087248322147,0.30923770344130136,0.9455252918287937,0.3677298929943332,0.9060402684563759,0.39522078714554365,0.953307392996109,0.4554843541265995,0.9328859060402684,0.4631122606771903,0.9105058365758755,0.5230527262929465,0.8993288590604027,257,149,hhs4,cg_mamba,123
0.2072732599469719,0.9688715953307393,0.23289994669937175,0.9463087248322147,0.3582730866113715,0.9377431906614786,0.3917764104001461,0.9060402684563759,0.4546986051617178,0.9221789883268483,0.47957681811891206,0.9328859060402684,0.5452416884700639,0.8443579766536965,0.5549623343485731,0.8657718120805369,257,149,hhs4,cg_mamba,456
0.1850941805045304,0.9649805447470817,0.21864011846752318,0.9395973154362416,0.32640347137653386,0.9494163424124513,0.37765576472349577,0.912751677852349,0.4200864149327081,0.933852140077821,0.4721254157742618,0.9060402684563759,0.5068713688884716,0.8793774319066148,0.5545201421839409,0.8859060402684564,257,149,hhs4,cg_mamba,789
0.18502348018457493,0.9688715953307393,0.2167713024423313,0.9463087248322147,0.3227105865474892,0.9299610894941635,0.3690809761387307,0.912751677852349,0.40980079465869307,0.9416342412451362,0.4454360748124093,0.9463087248322147,0.49286609443910157,0.8715953307392996,0.521848812564035,0.8657718120805369,257,149,hhs4,cg_mamba,1024
0.1347297371509237,0.9448818897637795,0.15184509930838763,0.9261744966442953,0.2471551549156408,0.937007874015748,0.27726610001362867,0.9194630872483222,0.3337341456537271,0.9251968503937008,0.3776818117931364,0.912751677852349,0.41840101494327897,0.889763779527559,0.47724758462778183,0.8926174496644296,254,149,hhs5,dlinear,-1
0.13832062904453948,0.8818897637795275,0.13467728636166698,0.9194630872483222,0.2268096880377072,0.9330708661417323,0.2324332257625732,0.9328859060402684,0.2914361749405045,0.937007874015748,0.28503767951582404,0.9395973154362416,0.34839156801735116,0.905511811023622,0.30729930063486777,0.912751677852349,254,149,hhs5,lstm,42
0.1278893212819159,0.889763779527559,0.12241714136579013,0.9194630872483222,0.20128890632106192,0.9409448818897638,0.1951165671343941,0.9395973154362416,0.25425204382826005,0.9488188976377953,0.2342950577946538,0.9463087248322147,0.30893184591242173,0.952755905511811,0.2617161772298486,0.9731543624161074,254,149,hhs5,lstm,123
0.14170502778928012,0.8858267716535433,0.14327774861168383,0.912751677852349,0.22103472738338806,0.9409448818897638,0.22643031354280507,0.9328859060402684,0.2787865698261216,0.9409448818897638,0.28372254567610766,0.9328859060402684,0.3402977212513997,0.9330708661417323,0.3279230730459133,0.9463087248322147,254,149,hhs5,lstm,456
0.15581561340012362,0.9291338582677166,0.16009403256427138,0.9463087248322147,0.24431872418932143,0.9488188976377953,0.24370896505244938,0.9395973154362416,0.2927868200410991,0.952755905511811,0.28431480065630615,0.9530201342281879,0.3477492169347253,0.952755905511811,0.3214006156713059,0.959731543624161,254,149,hhs5,lstm,789
0.1678259183392436,0.8937007874015748,0.1591495964603001,0.9463087248322147,0.2416774900725524,0.8976377952755905,0.2460284560116862,0.9261744966442953,0.2846330408459039,0.8740157480314961,0.2893880320840599,0.912751677852349,0.3276579140030948,0.8543307086614174,0.3271796131879961,0.912751677852349,254,149,hhs5,lstm,1024
0.16834854048027806,0.9448818897637795,0.17221674077311394,0.912751677852349,0.24339655241153754,0.9212598425196851,0.24875193010931093,0.9060402684563759,0.284119618591942,0.9173228346456693,0.29998592685970477,0.9194630872483222,0.33067197608813814,0.9015748031496063,0.33619519188958474,0.912751677852349,254,149,hhs5,vanilla_mamba,42
0.179858051796948,0.9488188976377953,0.19750981917626875,0.9261744966442953,0.24449977460262406,0.9448818897637795,0.26110683193796824,0.9261744966442953,0.29219405633090617,0.9566929133858267,0.29929881959835547,0.9463087248322147,0.33407160945008385,0.9094488188976378,0.3345132696838326,0.912751677852349,254,149,hhs5,vanilla_mamba,123
0.17401985460729374,0.9409448818897638,0.19146645133046997,0.9194630872483222,0.2356377224996074,0.9448818897637795,0.2556592829468769,0.9261744966442953,0.28683667614286323,0.9645669291338582,0.3003730923587909,0.959731543624161,0.31869551898977394,0.9448818897637795,0.3247421043076414,0.9328859060402684,254,149,hhs5,vanilla_mamba,456
0.20061077711494943,0.889763779527559,0.18737978792005014,0.8791946308724832,0.3114196169667906,0.9094488188976378,0.2752654349104035,0.9261744966442953,0.39566267286531,0.9094488188976378,0.33554088751191513,0.9261744966442953,0.4332423321072967,0.8818897637795275,0.36662477717730213,0.9060402684563759,254,149,hhs5,vanilla_mamba,789
0.1581657296336702,0.9409448818897638,0.18283866903355664,0.912751677852349,0.252891451244012,0.9330708661417323,0.2793515125804417,0.9060402684563759,0.32535244613562986,0.9212598425196851,0.3495874965599785,0.9194630872483222,0.36366322974887483,0.8818897637795275,0.37199105585241204,0.9060402684563759,254,149,hhs5,vanilla_mamba,1024
0.22834025460884252,0.8503937007874016,0.25118198805055486,0.8389261744966443,0.3215028144137019,0.8937007874015748,0.37291287350578156,0.8523489932885906,0.3777652869117578,0.9015748031496063,0.4430289857920466,0.8456375838926175,0.4291932847834046,0.905511811023622,0.5053861726844001,0.8456375838926175,254,149,hhs5,patchtst,42
0.20342349290786457,0.8740157480314961,0.21227476885659693,0.87248322147651,0.25648224659226365,0.9173228346456693,0.287989869820543,0.8791946308724832,0.301695989500607,0.9409448818897638,0.3375996304863578,0.8993288590604027,0.3405479416605719,0.9291338582677166,0.38759637801930213,0.8859060402684564,254,149,hhs5,patchtst,123
0.22809468097671837,0.8740157480314961,0.24957821311032613,0.8322147651006712,0.3005876833120023,0.8937007874015748,0.3478936774346232,0.8590604026845637,0.3488080551588986,0.9094488188976378,0.40851640978202974,0.8456375838926175,0.38325711652690025,0.9015748031496063,0.45071523007231534,0.8389261744966443,254,149,hhs5,patchtst,456
0.20600304676437617,0.8818897637795275,0.21361885966188468,0.8523489932885906,0.25114970938718456,0.9212598425196851,0.2655374217801048,0.8791946308724832,0.2905642577004266,0.9094488188976378,0.31943839010098174,0.8657718120805369,0.33698582363279367,0.9291338582677166,0.3587545749194119,0.8993288590604027,254,149,hhs5,patchtst,789
0.1751677953070003,0.9488188976377953,0.1746117393700489,0.9328859060402684,0.24586393761565972,0.9724409448818898,0.2750752111337777,0.9530201342281879,0.2909682375032627,0.9566929133858267,0.32302063383824814,0.9395973154362416,0.3194767977637492,0.9645669291338582,0.3708121007481308,0.9395973154362416,254,149,hhs5,patchtst,1024
0.1287637246564104,0.9260700389105059,0.15791628248891285,0.8993288590604027,0.2280780924230026,0.914396887159533,0.2828770943624408,0.8926174496644296,0.3030879799100969,0.9299610894941635,0.3811021250604161,0.912751677852349,0.37878425677555577,0.9105058365758755,0.47785071240243016,0.8926174496644296,257,149,hhs5,cg_mamba,42
0.13392960955761932,0.9299610894941635,0.16458940516498222,0.9060402684563759,0.23349346227622905,0.914396887159533,0.29015615952529183,0.8859060402684564,0.3136735717725561,0.9182879377431906,0.3914736994430773,0.8926174496644296,0.3765066640699633,0.9027237354085603,0.46898479217928457,0.87248322147651,257,149,hhs5,cg_mamba,123
0.13452212966396995,0.933852140077821,0.1576676148824947,0.9194630872483222,0.22729585049605022,0.9027237354085603,0.2640834276386869,0.8791946308724832,0.29732721744383495,0.8988326848249028,0.3495169623617539,0.87248322147651,0.3524159750894883,0.8871595330739299,0.4205986668723777,0.8590604026845637,257,149,hhs5,cg_mamba,456
0.13155196882855802,0.9221789883268483,0.15867747841889782,0.8926174496644296,0.23649905995496184,0.914396887159533,0.28215534804328973,0.8926174496644296,0.31480315880171655,0.914396887159533,0.3733869952615002,0.8926174496644296,0.38864781967057044,0.8910505836575876,0.46222275391290074,0.8926174496644296,257,149,hhs5,cg_mamba,789
0.13043252571178912,0.9455252918287937,0.15978084500641646,0.9261744966442953,0.22448072690114038,0.9105058365758755,0.27240012273219344,0.8859060402684564,0.2911168338716335,0.9221789883268483,0.3506316987701662,0.8993288590604027,0.356173167303061,0.8910505836575876,0.4314511968326723,0.8590604026845637,257,149,hhs5,cg_mamba,1024
0.24159859268506798,0.984251968503937,0.2441494262373834,0.9865771812080537,0.41864321519179337,0.968503937007874,0.3796770958457749,0.9798657718120806,0.5664218428935757,0.9409448818897638,0.4930816324685616,0.9463087248322147,0.6774537878611016,0.937007874015748,0.5426800656384617,0.9664429530201343,254,149,hhs6,dlinear,-1
0.28851522011177577,0.9251968503937008,0.2985854524789189,0.9328859060402684,0.4752506100224666,0.9645669291338582,0.4832404657164273,0.9865771812080537,0.6128915931860622,0.9212598425196851,0.6012579149497904,0.9395973154362416,0.7407927594285344,0.9173228346456693,0.7031386350634714,0.9395973154362416,254,149,hhs6,lstm,42
0.27307307553772464,0.9921259842519685,0.2821022671598145,0.9932885906040269,0.4579496006991552,0.9921259842519685,0.46205897572894233,1.0,0.6159308703345182,0.9881889763779528,0.6065199937771472,0.9932885906040269,0.7651573212665732,0.9803149606299213,0.7222995381853496,1.0,254,149,hhs6,lstm,123
0.33505334798263037,0.9251968503937008,0.34171339287568614,0.9395973154362416,0.518452510647298,0.9330708661417323,0.5162175814114673,0.9395973154362416,0.6967720586318497,0.9094488188976378,0.666624588853181,0.9395973154362416,0.7976246568838947,0.9330708661417323,0.7379603837340334,0.959731543624161,254,149,hhs6,lstm,456
0.34517632143761423,0.9803149606299213,0.34581731645131625,0.9865771812080537,0.5105995187225403,0.984251968503937,0.49071164508368914,0.9932885906040269,0.6386423691573446,0.9763779527559056,0.5951468396002887,0.9932885906040269,0.7503463133258098,0.9724409448818898,0.6613533810506376,1.0,254,149,hhs6,lstm,789
0.2835599130434484,0.9488188976377953,0.2688268458717869,0.9798657718120806,0.47538274778212275,0.9251968503937008,0.45647033466754044,0.959731543624161,0.6329061971679506,0.8858267716535433,0.5969493515656459,0.9395973154362416,0.7544431377485121,0.8582677165354331,0.6938687887966648,0.9395973154362416,254,149,hhs6,lstm,1024
0.3870757891482718,0.9448818897637795,0.40828958474231414,0.9463087248322147,0.493690271564144,0.952755905511811,0.4711381914353193,0.9664429530201343,0.625302393617931,0.9133858267716536,0.5809215997379832,0.9395973154362416,0.7268664604839767,0.9409448818897638,0.6630421691072876,0.9664429530201343,254,149,hhs6,vanilla_mamba,42
0.36242559694231125,0.968503937007874,0.38350458857554076,0.9664429530201343,0.4996864212448591,0.9724409448818898,0.49383911756491355,0.9865771812080537,0.654585633928284,0.9173228346456693,0.6089910178086994,0.9395973154362416,0.8012212701062026,0.9212598425196851,0.7240853848766476,0.959731543624161,254,149,hhs6,vanilla_mamba,123
0.37105894255363897,0.9803149606299213,0.38750941111115844,0.9865771812080537,0.4943595276245903,0.9763779527559056,0.47966485021489513,0.9865771812080537,0.666277514916999,0.9173228346456693,0.5853749609417751,0.959731543624161,0.7698883651933193,0.9133858267716536,0.6596834063361725,0.9731543624161074,254,149,hhs6,vanilla_mamba,456
0.3549485015439081,0.9133858267716536,0.3549447514985153,0.9194630872483222,0.5356637748458374,0.905511811023622,0.48264497880415563,0.9395973154362416,0.7624261615322235,0.8543307086614174,0.6458367522318841,0.9395973154362416,0.9181026442836422,0.8740157480314961,0.7852718462852731,0.9395973154362416,254,149,hhs6,vanilla_mamba,789
0.3532666224017115,0.9763779527559056,0.38142796609209667,0.9664429530201343,0.5226682489540859,0.937007874015748,0.5102537989146851,0.9463087248322147,0.6558403418588515,0.9173228346456693,0.5966632785895696,0.9328859060402684,0.7467779678739358,0.8976377952755905,0.6593062926862672,0.9463087248322147,254,149,hhs6,vanilla_mamba,1024
0.40213439760627806,0.8385826771653543,0.375751843526875,0.8926174496644296,0.5127676697864086,0.9094488188976378,0.5233545539647066,0.9328859060402684,0.597151816021801,0.9409448818897638,0.6184997645448291,0.8993288590604027,0.7138024082209471,0.8937007874015748,0.7310537413210003,0.9194630872483222,254,149,hhs6,patchtst,42
0.41355036504527426,0.7913385826771654,0.3720050436094759,0.8523489932885906,0.46402673853473275,0.8858267716535433,0.4809572965658875,0.8926174496644296,0.5454826464999646,0.9173228346456693,0.5673049599779557,0.8657718120805369,0.6036884174208809,0.8937007874015748,0.6165460644561264,0.8456375838926175,254,149,hhs6,patchtst,123
0.41176804097413683,0.8976377952755905,0.39178880565703483,0.8993288590604027,0.5274423959809811,0.8661417322834646,0.5408239332774948,0.8523489932885906,0.5901324587211246,0.9133858267716536,0.6211776158286982,0.8657718120805369,0.6378961648906706,0.9133858267716536,0.6697779452587916,0.8590604026845637,254,149,hhs6,patchtst,456
0.40258842110594517,0.905511811023622,0.3856059818673381,0.9060402684563759,0.497373130539316,0.937007874015748,0.5102156496323356,0.9060402684563759,0.539772804500309,0.9803149606299213,0.5533032923458818,0.9664429530201343,0.5934621643421648,0.968503937007874,0.5704508255012315,0.9530201342281879,254,149,hhs6,patchtst,789
0.3528593916207579,0.9409448818897638,0.3338918162082703,0.912751677852349,0.44247977386428533,0.9566929133858267,0.45360573346311217,0.9261744966442953,0.51580894781895,0.9606299212598425,0.5261543662100827,0.9328859060402684,0.5163540597483733,0.968503937007874,0.5177672241277782,0.959731543624161,254,149,hhs6,patchtst,1024
0.2419783880718716,0.9727626459143969,0.27934050465535565,0.959731543624161,0.3930177625443528,0.9883268482490273,0.45817459316700604,0.9798657718120806,0.5036775315429453,0.9883268482490273,0.5806436899781288,0.9798657718120806,0.5969938545586836,0.9922178988326849,0.676130866247745,0.9865771812080537,257,149,hhs6,cg_mamba,42
0.223411195246503,0.9766536964980544,0.2598914093972558,0.9664429530201343,0.35591816261080034,0.9883268482490273,0.42330014747169303,0.9798657718120806,0.46511013702095205,0.9883268482490273,0.5518986009088194,0.9798657718120806,0.5390318850774747,0.9922178988326849,0.6297713608703485,0.9865771812080537,257,149,hhs6,cg_mamba,123
0.23124675360547506,0.9766536964980544,0.2666714384013473,0.9664429530201343,0.3782573383358284,0.9883268482490273,0.4416984751498478,0.9798657718120806,0.48173697912582625,0.9883268482490273,0.5526000962662158,0.9798657718120806,0.558596951311179,0.9922178988326849,0.6253681038305329,0.9865771812080537,257,149,hhs6,cg_mamba,456
0.2318837048223459,0.9727626459143969,0.2680996520798479,0.959731543624161,0.38095612187524164,0.9883268482490273,0.445445942633038,0.9798657718120806,0.49379069284069127,0.9883268482490273,0.5694347839654442,0.9798657718120806,0.5718987645627432,0.9922178988326849,0.6450450650925118,0.9865771812080537,257,149,hhs6,cg_mamba,789
0.22382298235685913,0.9766536964980544,0.2579876567634809,0.9664429530201343,0.3596445686057849,0.9883268482490273,0.419983492759732,0.9798657718120806,0.4564597472142774,0.9883268482490273,0.5276171143378467,0.9798657718120806,0.5278860940369421,0.9922178988326849,0.6041716143185238,0.9865771812080537,257,149,hhs6,cg_mamba,1024
0.17742849788952694,0.968503937007874,0.18992551419957687,0.959731543624161,0.29478665241182134,0.9645669291338582,0.3245175307010849,0.9395973154362416,0.3831605495225761,0.9251968503937008,0.4175732620816225,0.8993288590604027,0.4455910700389878,0.9330708661417323,0.4769726155462474,0.8993288590604027,254,149,hhs7,dlinear,-1
0.17862402315902265,0.968503937007874,0.19658162931629888,0.959731543624161,0.27285921243117434,0.9566929133858267,0.3035601991321058,0.9328859060402684,0.35544513100310277,0.9448818897637795,0.3811817411096224,0.9328859060402684,0.4349266619228218,0.9173228346456693,0.43220268450875465,0.9328859060402684,254,149,hhs7,lstm,42
0.17058545609425435,0.9763779527559056,0.18404572777073577,0.9664429530201343,0.24213446157708762,0.968503937007874,0.272071875561519,0.9530201342281879,0.300489866841049,0.9409448818897638,0.3243641271390619,0.9261744966442953,0.3578302542063634,0.9133858267716536,0.35820485986365197,0.9530201342281879,254,149,hhs7,lstm,123
0.1841083051135955,0.968503937007874,0.20768342349893062,0.9530201342281879,0.2711778854334009,0.968503937007874,0.31080639438315893,0.9463087248322147,0.3323082964350083,0.9606299212598425,0.37035361669591926,0.9463087248322147,0.395234518762866,0.968503937007874,0.41376661799333336,0.9664429530201343,254,149,hhs7,lstm,456
0.18958535516234837,0.9330708661417323,0.21011796411331865,0.9328859060402684,0.2728092247286376,0.905511811023622,0.3056779961387058,0.9328859060402684,0.32325282317008164,0.952755905511811,0.3628569702218291,0.9395973154362416,0.37385148845150246,0.9566929133858267,0.40080713924150185,0.9530201342281879,254,149,hhs7,lstm,789
0.20305902972914455,0.9448818897637795,0.2078286856085405,0.9731543624161074,0.2836733809761556,0.952755905511811,0.30701841317992634,0.9395973154362416,0.3492287959913859,0.889763779527559,0.37267024394609166,0.912751677852349,0.410640223287485,0.8976377952755905,0.4247222466361204,0.9530201342281879,254,149,hhs7,lstm,1024
0.21601338472494835,0.9724409448818898,0.22812109671719125,0.959731543624161,0.29905217776339643,0.9566929133858267,0.31633660529647795,0.9395973154362416,0.3764698493779881,0.9448818897637795,0.39148387197965,0.9395973154362416,0.46320731010942034,0.9488188976377953,0.4778410946166554,0.9395973154362416,254,149,hhs7,vanilla_mamba,42
0.2271360905385895,0.984251968503937,0.24872779916447765,0.9731543624161074,0.2745304922753659,0.9724409448818898,0.3103576329633,0.9530201342281879,0.33476627888737304,0.9645669291338582,0.3729033613593789,0.9463087248322147,0.4034172611215124,0.9566929133858267,0.427114966943775,0.9463087248322147,254,149,hhs7,vanilla_mamba,123
0.21213078504588,0.968503937007874,0.23562626348126706,0.959731543624161,0.2700283765236534,0.9803149606299213,0.307014943189396,0.9664429530201343,0.3540585188768363,0.968503937007874,0.39034903320195435,0.9530201342281879,0.41000346546342614,0.968503937007874,0.43687978246605164,0.9530201342281879,254,149,hhs7,vanilla_mamba,456
0.18492383684235317,0.9960629921259843,0.19392562257180507,0.9932885906040269,0.2855388838378606,0.968503937007874,0.2968500706151542,0.9530201342281879,0.369174646915469,0.9409448818897638,0.36529433553408697,0.9261744966442953,0.41262759943807376,0.9291338582677166,0.40386139591115927,0.9328859060402684,254,149,hhs7,vanilla_mamba,789
0.21879150273036682,0.984251968503937,0.23998897199366007,0.9731543624161074,0.3024365975214743,0.9763779527559056,0.3358342605236733,0.959731543624161,0.3813470352554828,0.9606299212598425,0.4228234759021897,0.9463087248322147,0.4341459201559306,0.9488188976377953,0.45990032810167775,0.9261744966442953,254,149,hhs7,vanilla_mamba,1024
0.22011500206907617,0.952755905511811,0.24506628571028607,0.9463087248322147,0.3054835267940958,0.9448818897637795,0.3549476444716437,0.912751677852349,0.3598786676042651,0.9015748031496063,0.40539010184479074,0.9060402684563759,0.439556065639295,0.9251968503937008,0.46196948132895893,0.9328859060402684,254,149,hhs7,patchtst,42
0.21459851472101374,0.937007874015748,0.21723613134376923,0.9530201342281879,0.2722118352794305,0.9566929133858267,0.28424443426767615,0.9328859060402684,0.3273962725440618,0.937007874015748,0.3222843739679229,0.9194630872483222,0.38272991183588256,0.937007874015748,0.3494108533448575,0.9261744966442953,254,149,hhs7,patchtst,123
0.22399475425711385,0.9606299212598425,0.23400273549339606,0.9530201342281879,0.29303730171696346,0.9645669291338582,0.31753357392205367,0.9530201342281879,0.3409457612369685,0.9251968503937008,0.3647805812347371,0.9395973154362416,0.38523151522617055,0.905511811023622,0.4038725951506197,0.9395973154362416,254,149,hhs7,patchtst,456
0.21708352797926275,0.9645669291338582,0.22488866732293802,0.9395973154362416,0.28696989568111575,0.9645669291338582,0.29189450380832893,0.9530201342281879,0.33377998269445946,0.9488188976377953,0.3353520112812722,0.9463087248322147,0.37840384820061695,0.9409448818897638,0.3569974649060938,0.959731543624161,254,149,hhs7,patchtst,789
0.2048934503527359,0.9724409448818898,0.19103745915861722,0.959731543624161,0.30869602926461487,0.9724409448818898,0.3226164382167552,0.9530201342281879,0.358475512950846,0.9606299212598425,0.3779595764390334,0.9395973154362416,0.3857739041496744,0.9645669291338582,0.3815145007750151,0.9463087248322147,254,149,hhs7,patchtst,1024
0.16229495755790205,0.9727626459143969,0.18826345311238152,0.959731543624161,0.2737910825738859,0.9688715953307393,0.322658686854751,0.9463087248322147,0.3466852696986054,0.9610894941634242,0.4108715292350309,0.9328859060402684,0.4252071121169375,0.9610894941634242,0.4958119574886331,0.9328859060402684,257,149,hhs7,cg_mamba,42
0.16180791736304126,0.9766536964980544,0.1903396787389187,0.959731543624161,0.26659051704647363,0.9727626459143969,0.3241292380050172,0.9530201342281879,0.34623743508296,0.9571984435797666,0.4266991557391596,0.9261744966442953,0.42044570051237373,0.9649805447470817,0.5061909545947868,0.9395973154362416,257,149,hhs7,cg_mamba,123
0.15781189818203636,0.9766536964980544,0.18086786986841794,0.959731543624161,0.25289509713273794,0.9727626459143969,0.29852828337613635,0.9530201342281879,0.3242365126354903,0.9649805447470817,0.3805478043420998,0.9395973154362416,0.3865463383372396,0.9649805447470817,0.45259404929943925,0.9395973154362416,257,149,hhs7,cg_mamba,456
0.1597541949711981,0.9727626459143969,0.1863725061010983,0.959731543624161,0.26028650164832856,0.980544747081712,0.30899180739489607,0.9664429530201343,0.33373594944935375,0.9649805447470817,0.39556151760386027,0.9395973154362416,0.4047368336744712,0.9649805447470817,0.4734672035508336,0.9395973154362416,257,149,hhs7,cg_mamba,789
0.16088844313706907,0.9766536964980544,0.18892248970228928,0.959731543624161,0.26351546754500244,0.9727626459143969,0.3180782590713902,0.9530201342281879,0.33694805906646863,0.9688715953307393,0.4035657163926901,0.9463087248322147,0.4147193683284612,0.9610894941634242,0.49469282503997436,0.9328859060402684,257,149,hhs7,cg_mamba,1024
0.1731334954028455,0.9645669291338582,0.17325691610607735,0.9664429530201343,0.3141210461983808,0.9488188976377953,0.29376295049191403,0.9463087248322147,0.4265192756989553,0.9173228346456693,0.3855462873101762,0.9328859060402684,0.5377722533581899,0.905511811023622,0.47097638047172635,0.9194630872483222,254,149,hhs8,dlinear,-1
0.17186669558878273,0.9448818897637795,0.14773485922746993,0.9530201342281879,0.27485520109062855,0.9448818897637795,0.2385448233155903,0.9463087248322147,0.3446471233763201,0.9094488188976378,0.2919724986461973,0.9194630872483222,0.4237834744356721,0.8503937007874016,0.3279220679945782,0.8993288590604027,254,149,hhs8,lstm,42
0.18065481383264742,0.9566929133858267,0.16905748265186402,0.9530201342281879,0.28724566626271425,0.9566929133858267,0.2662796018444058,0.9463087248322147,0.3604979071357103,0.9448818897637795,0.31737793975067824,0.9664429530201343,0.4133783936234293,0.8622047244094488,0.32699118865370075,0.959731543624161,254,149,hhs8,lstm,123
0.17973519790905804,0.8818897637795275,0.166039224412197,0.9530201342281879,0.27723136498387574,0.8818897637795275,0.24494446925248045,0.9395973154362416,0.36223829333278235,0.9291338582677166,0.3045982472049203,0.9731543624161074,0.43349812929339443,0.84251968503937,0.33129771618902903,0.9530201342281879,254,149,hhs8,lstm,456
0.2104361243182231,0.7913385826771654,0.17510660059191654,0.9060402684563759,0.32168838830490004,0.8700787401574803,0.25748226260065366,0.9463087248322147,0.3868626996814382,0.937007874015748,0.302631225300503,0.9731543624161074,0.45138283863146694,0.8543307086614174,0.3207764925706438,0.959731543624161,254,149,hhs8,lstm,789
0.21441402321569614,0.8385826771653543,0.1888923208422181,0.9261744966442953,0.31277376467802703,0.8740157480314961,0.2842196009342433,0.9530201342281879,0.37749141449771784,0.8464566929133859,0.33411459493807494,0.9463087248322147,0.43645478492240697,0.8267716535433071,0.3788064595785732,0.9261744966442953,254,149,hhs8,lstm,1024
0.203847410526543,0.9606299212598425,0.2326272297462461,0.9395973154362416,0.2652149931336099,0.952755905511811,0.2666823715323526,0.9395973154362416,0.33204460149390547,0.9409448818897638,0.31345623536601397,0.9463087248322147,0.40815384992114756,0.8976377952755905,0.3610347317628627,0.9395973154362416,254,149,hhs8,vanilla_mamba,42
0.23094550151922266,0.9212598425196851,0.2645240987317631,0.8926174496644296,0.2671416515037534,0.9330708661417323,0.29118424340276167,0.9060402684563759,0.3280249479844682,0.9291338582677166,0.31150591347439754,0.9395973154362416,0.3849042217156526,0.8976377952755905,0.33322326757971205,0.9261744966442953,254,149,hhs8,vanilla_mamba,123
0.21190945877423656,0.9606299212598425,0.23745880986049014,0.9530201342281879,0.2630846814033332,0.9448818897637795,0.268898926644751,0.9194630872483222,0.32606174659034626,0.9606299212598425,0.295708698702401,0.9731543624161074,0.37700378144207236,0.9566929133858267,0.3165040499750538,0.9731543624161074,254,149,hhs8,vanilla_mamba,456
0.22791276934303945,0.937007874015748,0.200709592051997,0.9261744966442953,0.34899713674940186,0.9133858267716536,0.27211605518591864,0.9328859060402684,0.4698177225108257,0.8976377952755905,0.32073622001200097,0.9530201342281879,0.524483927023966,0.8779527559055118,0.3428671161409414,0.9664429530201343,254,149,hhs8,vanilla_mamba,789
0.21066961817466345,0.9566929133858267,0.2416010342204712,0.9395973154362416,0.2928779950268728,0.937007874015748,0.32037540890502214,0.8993288590604027,0.36998838298241893,0.8976377952755905,0.36532332977740745,0.8791946308724832,0.4175229651160771,0.8976377952755905,0.3596038936313699,0.9261744966442953,254,149,hhs8,vanilla_mamba,1024
0.2996306066599414,0.9133858267716536,0.25979791913791117,0.9731543624161074,0.3597515710267457,0.952755905511811,0.3445768107947485,0.9798657718120806,0.41631104296937155,0.9330708661417323,0.4007237021051133,0.9731543624161074,0.5060878386895156,0.9251968503937008,0.4629556454588715,0.9664429530201343,254,149,hhs8,patchtst,42
0.2711624220840262,0.952755905511811,0.24156551409758203,0.9798657718120806,0.3079711213936239,0.9921259842519685,0.30647629253562897,0.9865771812080537,0.3758236810880751,0.9960629921259843,0.3656649822781738,0.9932885906040269,0.4307219951565341,0.9921259842519685,0.4102359797880199,0.9865771812080537,254,149,hhs8,patchtst,123
0.272851235602046,0.9606299212598425,0.23544088013289513,0.9798657718120806,0.3428843610467089,0.968503937007874,0.3042544181445091,0.9865771812080537,0.38463158771019695,0.9724409448818898,0.35498167497105554,0.9932885906040269,0.42735417031923134,0.9566929133858267,0.3875638721547727,0.9932885906040269,254,149,hhs8,patchtst,456
0.28760467300667303,0.9724409448818898,0.2600272821562056,0.9798657718120806,0.33925083354441143,0.9960629921259843,0.3344177641525722,0.9932885906040269,0.3854523979449364,0.9960629921259843,0.3998156033806511,0.9932885906040269,0.44872440593547464,1.0,0.44556120283319584,1.0,254,149,hhs8,patchtst,789
0.23529005578105705,0.9173228346456693,0.2127751804746267,0.9530201342281879,0.30587296840965605,0.9645669291338582,0.3069912947130348,0.9530201342281879,0.3542395512627498,0.9566929133858267,0.38008701715472915,0.9395973154362416,0.3628336368065821,0.9015748031496063,0.384561148300591,0.8926174496644296,254,149,hhs8,patchtst,1024
0.1536256972628858,0.9610894941634242,0.1817110064572531,0.9395973154362416,0.259821536968543,0.9610894941634242,0.30232463636602985,0.9395973154362416,0.340549183451332,0.9494163424124513,0.3896845214336316,0.9328859060402684,0.41530863007318847,0.9494163424124513,0.46379041460185366,0.912751677852349,257,149,hhs8,cg_mamba,42
0.14800576475527485,0.9610894941634242,0.17294781450911959,0.9463087248322147,0.24047482075580842,0.9649805447470817,0.2815440467818389,0.9395973154362416,0.32429187115332964,0.9571984435797666,0.38098551155448684,0.9395973154362416,0.3926063871534086,0.953307392996109,0.44917303641535555,0.9328859060402684,257,149,hhs8,cg_mamba,123
0.14905016452275585,0.9610894941634242,0.16602872318387352,0.9530201342281879,0.24282792252099925,0.9727626459143969,0.2692873430357667,0.9664429530201343,0.32084016904541635,0.9571984435797666,0.35229431626722557,0.9530201342281879,0.37901182521457366,0.953307392996109,0.4064931910368547,0.9463087248322147,257,149,hhs8,cg_mamba,456
0.150011054225946,0.9727626459143969,0.17571247428350473,0.9530201342281879,0.2540940150084211,0.9688715953307393,0.28807242035970204,0.9463087248322147,0.3322878841672867,0.9649805447470817,0.37172456051169206,0.9463087248322147,0.4008346579491945,0.9610894941634242,0.43301583505552943,0.9328859060402684,257,149,hhs8,cg_mamba,789
0.14724656085926616,0.9649805447470817,0.16969013804149238,0.9530201342281879,0.2491449897141438,0.9649805447470817,0.28323575212177327,0.959731543624161,0.3149874243320156,0.9571984435797666,0.35280494038662774,0.9530201342281879,0.392818695474066,0.9455252918287937,0.436517468910672,0.9328859060402684,257,149,hhs8,cg_mamba,1024
0.1443574542053233,0.9330708661417323,0.1671409502537766,0.9261744966442953,0.28809179928668993,0.8464566929133859,0.3419243965472392,0.825503355704698,0.42876561911024397,0.7322834645669292,0.498587481722704,0.6912751677852349,0.5489699544030903,0.6417322834645669,0.6282050952834052,0.6308724832214765,254,149,hhs9,dlinear,-1
0.21038186054731237,0.8858267716535433,0.2081166418917553,0.8657718120805369,0.342521117887315,0.9094488188976378,0.33915296487751645,0.9060402684563759,0.42492659604218,0.8858267716535433,0.39059430517753835,0.8859060402684564,0.5452185715052781,0.84251968503937,0.47678961495341793,0.8456375838926175,254,149,hhs9,lstm,42
0.18905288058064895,0.9173228346456693,0.206278132074286,0.8859060402684564,0.3127815574146059,0.9251968503937008,0.3358947689825129,0.8993288590604027,0.41501764576428296,0.9330708661417323,0.42998875848221896,0.9194630872483222,0.5134702908068618,0.8661417322834646,0.5022479896817509,0.8523489932885906,254,149,hhs9,lstm,123
0.2402393388700756,0.8464566929133859,0.25646758551459037,0.8456375838926175,0.3880795386395851,0.8543307086614174,0.399255652248726,0.8523489932885906,0.5333725507310343,0.8582677165354331,0.5342570328517041,0.8590604026845637,0.6370349907009117,0.8149606299212598,0.6127919185361853,0.8322147651006712,254,149,hhs9,lstm,456
0.20585845072809147,0.8661417322834646,0.1939941559780512,0.8926174496644296,0.3457278719668161,0.8937007874015748,0.32030069164118036,0.9194630872483222,0.44913613648721934,0.905511811023622,0.3959938270006351,0.9194630872483222,0.5669504501910112,0.8228346456692913,0.4839851570672974,0.87248322147651,254,149,hhs9,lstm,789
0.18382235378744124,0.8070866141732284,0.15504335076974674,0.8859060402684564,0.3120189457869447,0.8622047244094488,0.30451070443956996,0.8859060402684564,0.4154165610155967,0.7952755905511811,0.418782158981342,0.8187919463087249,0.4963342458134141,0.7007874015748031,0.49874451454880864,0.6912751677852349,254,149,hhs9,lstm,1024
0.26655617510457236,0.9251968503937008,0.301107607719469,0.8791946308724832,0.32978854610317854,0.8464566929133859,0.32976220197165074,0.825503355704698,0.3907794009718546,0.8582677165354331,0.3766993439771191,0.8523489932885906,0.43726306936940323,0.8307086614173228,0.39495180136540164,0.87248322147651,254,149,hhs9,vanilla_mamba,42
0.24000529226631795,0.9448818897637795,0.27248218622825837,0.9261744966442953,0.30877362573004474,0.8937007874015748,0.321270447422946,0.87248322147651,0.4298973352325038,0.8149606299212598,0.4265515614459124,0.7919463087248322,0.5620767629998775,0.7952755905511811,0.5513262198186119,0.7449664429530202,254,149,hhs9,vanilla_mamba,123
0.22401820362633323,0.9094488188976378,0.2542506705947673,0.87248322147651,0.28163663296871644,0.905511811023622,0.29425024195602156,0.8791946308724832,0.37287581622182947,0.8858267716535433,0.35549724083789386,0.8859060402684564,0.4303480705979603,0.8464566929133859,0.3978740191889348,0.7986577181208053,254,149,hhs9,vanilla_mamba,456
0.24623100432676673,0.9173228346456693,0.23229889114158817,0.9261744966442953,0.35565081289560396,0.8503937007874016,0.27551463695863926,0.8791946308724832,0.48844654651899416,0.7952755905511811,0.3586770593044968,0.8791946308724832,0.5770629389435357,0.7401574803149606,0.42650620217522317,0.8053691275167785,254,149,hhs9,vanilla_mamba,789
0.2117089186666109,0.9606299212598425,0.24512928509521084,0.9463087248322147,0.33201536603506693,0.9251968503937008,0.33881261028318094,0.9261744966442953,0.43648741545904157,0.9015748031496063,0.4003695502944697,0.8993288590604027,0.5614199340727288,0.6377952755905512,0.5161499863782237,0.6442953020134228,254,149,hhs9,vanilla_mamba,1024
0.25068082962034116,0.8661417322834646,0.29598625779255455,0.7919463087248322,0.35358996800511255,0.8188976377952756,0.4188716570005131,0.738255033557047,0.43631966511085624,0.7519685039370079,0.5044439507425539,0.6845637583892618,0.5312809613242264,0.7007874015748031,0.5935465193806689,0.6577181208053692,254,149,hhs9,patchtst,42
0.25477077074732074,0.8346456692913385,0.29066078005671014,0.8120805369127517,0.3345928586571441,0.7913385826771654,0.38950948865358553,0.7248322147651006,0.43337295411168714,0.7047244094488189,0.477261085137982,0.610738255033557,0.5032028994895041,0.7204724409448819,0.5426648088695505,0.6845637583892618,254,149,hhs9,patchtst,123
0.2811921119578753,0.7440944881889764,0.34440727312533287,0.6040268456375839,0.369552909661287,0.7480314960629921,0.44945673371129624,0.6174496644295302,0.43256726745785906,0.7362204724409449,0.5135619855849269,0.6510067114093959,0.488071834590898,0.6653543307086615,0.5686863477952093,0.6040268456375839,254,149,hhs9,patchtst,456
0.25619673759809114,0.7952755905511811,0.3124361796737812,0.6711409395973155,0.3566774153989374,0.7598425196850394,0.4280933540821495,0.6241610738255033,0.42188231257275166,0.6692913385826772,0.5019755497919485,0.5167785234899329,0.4999065049582036,0.6732283464566929,0.5810000699288558,0.5436241610738255,254,149,hhs9,patchtst,789
0.2353246371418019,0.7125984251968503,0.26243289941728015,0.6711409395973155,0.2844895124761868,0.84251968503937,0.2951459064993642,0.8456375838926175,0.36269826602864047,0.8346456692913385,0.3793398344040776,0.825503355704698,0.4514591413601936,0.7283464566929134,0.4817589640584892,0.738255033557047,254,149,hhs9,patchtst,1024
0.16562492306297832,0.8638132295719845,0.19595613898475284,0.8523489932885906,0.2949328846115012,0.7976653696498055,0.34171781417344205,0.825503355704698,0.38329185406941063,0.7354085603112841,0.4300413945986997,0.7651006711409396,0.4530526135011641,0.754863813229572,0.5024699514245038,0.785234899328859,257,149,hhs9,cg_mamba,42
0.15126979413400898,0.8793774319066148,0.18170328411423287,0.8657718120805369,0.25459207593730443,0.8599221789883269,0.3009669154460287,0.8389261744966443,0.33317264714637485,0.8326848249027238,0.3851087370119393,0.8456375838926175,0.38965598500539284,0.8249027237354085,0.43832572316694834,0.825503355704698,257,149,hhs9,cg_mamba,123
0.16329513823975136,0.8793774319066148,0.18790406591053227,0.8523489932885906,0.2788741057951808,0.8715953307392996,0.31409977564371944,0.8791946308724832,0.3679607138716381,0.7626459143968871,0.3986638576846106,0.7785234899328859,0.4302180411453467,0.7587548638132295,0.4541691792474445,0.7718120805369127,257,149,hhs9,cg_mamba,456
0.1571185285440114,0.8715953307392996,0.1868512056654455,0.8590604026845637,0.2868725068192082,0.8132295719844358,0.3359781022102289,0.825503355704698,0.37867383261163273,0.8093385214007782,0.4284713432665791,0.8322147651006712,0.44691514877070687,0.8287937743190662,0.4903802708912067,0.8322147651006712,257,149,hhs9,cg_mamba,789
0.14841715407141687,0.9105058365758755,0.177793905540115,0.8859060402684564,0.25463882538624827,0.8910505836575876,0.29905830096387753,0.8926174496644296,0.3260540738087401,0.8132295719844358,0.3633473314076611,0.8187919463087249,0.3884790684979446,0.7976653696498055,0.42200331285983217,0.8053691275167785,257,149,hhs9,cg_mamba,1024
0.1863877391672733,0.9409448818897638,0.22800361213948056,0.9060402684563759,0.3451209074486301,0.9251968503937008,0.42581994770425535,0.8791946308724832,0.47889420525140175,0.9488188976377953,0.6003595940510396,0.912751677852349,0.5711145683751295,0.9448818897637795,0.7177463437028773,0.912751677852349,254,149,hhs10,dlinear,-1
0.19700319119673462,0.9448818897637795,0.23143453518935914,0.912751677852349,0.31294344286275416,0.9251968503937008,0.36560928483172656,0.9060402684563759,0.40474116953807965,0.9212598425196851,0.47258138042726106,0.9060402684563759,0.48263941240414493,0.9133858267716536,0.5541466914891454,0.8993288590604027,254,149,hhs10,lstm,42
0.1815237482287811,0.9488188976377953,0.21068808382065043,0.9194630872483222,0.28583414487253594,0.9330708661417323,0.337917644680965,0.8993288590604027,0.3655881831190031,0.937007874015748,0.42830963250549725,0.912751677852349,0.43896248718735315,0.9133858267716536,0.5082998882013379,0.9060402684563759,254,149,hhs10,lstm,123
0.2002202478578891,0.952755905511811,0.24112676424774024,0.9261744966442953,0.2983334104325874,0.9448818897637795,0.36066475810695436,0.9194630872483222,0.38134123948213383,0.937007874015748,0.45745663196604075,0.912751677852349,0.45233546299978594,0.9330708661417323,0.5320204195552298,0.9060402684563759,254,149,hhs10,lstm,456
0.21663067536892658,0.9173228346456693,0.26358646475411474,0.8926174496644296,0.32374239240837327,0.9173228346456693,0.38027256260967335,0.8926174496644296,0.40113279829149806,0.905511811023622,0.468421291796958,0.8859060402684564,0.47264462024043663,0.889763779527559,0.5388245629437481,0.8993288590604027,254,149,hhs10,lstm,789
0.23336361941180667,0.9291338582677166,0.26746139123253715,0.9261744966442953,0.33486765483159403,0.9488188976377953,0.4055986125373478,0.9261744966442953,0.41177957417374944,0.9251968503937008,0.505565186660369,0.8993288590604027,0.46700770065753194,0.9291338582677166,0.5706580611355281,0.9060402684563759,254,149,hhs10,lstm,1024
0.22146978964124944,0.9409448818897638,0.27958529535286775,0.912751677852349,0.3113431018125334,0.9606299212598425,0.3800226113967734,0.9395973154362416,0.3656070732699745,0.9251968503937008,0.4497803253567867,0.8926174496644296,0.42690368209001867,0.9212598425196851,0.5074433174114488,0.8993288590604027,254,149,hhs10,vanilla_mamba,42
0.2140670532570198,0.9330708661417323,0.2659886897085786,0.8926174496644296,0.3078124727284174,0.9291338582677166,0.39140461841711405,0.8859060402684564,0.3800606585443455,0.9212598425196851,0.48143315175990975,0.8859060402684564,0.4475400255369454,0.9133858267716536,0.5526536290113682,0.8791946308724832,254,149,hhs10,vanilla_mamba,123
0.21855126838562655,0.9291338582677166,0.27629238656067934,0.8791946308724832,0.3091270290108943,0.9291338582677166,0.3912237814678329,0.8993288590604027,0.37794986414963777,0.9173228346456693,0.4643542113065127,0.8791946308724832,0.4321431774455183,0.9291338582677166,0.5227018479712385,0.9060402684563759,254,149,hhs10,vanilla_mamba,456
0.19384750257339958,0.9448818897637795,0.2526802116063186,0.912751677852349,0.28511498675022934,0.9606299212598425,0.3535254126198448,0.9395973154362416,0.36233444765928463,0.9330708661417323,0.4384611692761605,0.9060402684563759,0.40496445020004973,0.9291338582677166,0.4847200816614852,0.8993288590604027,254,149,hhs10,vanilla_mamba,789
0.20613300368590787,0.952755905511811,0.263759887583054,0.9194630872483222,0.31009332763803604,0.952755905511811,0.39426841548028374,0.9261744966442953,0.38383847121014475,0.937007874015748,0.48175547585074907,0.912751677852349,0.4331612803706538,0.9251968503937008,0.5328331824745273,0.8993288590604027,254,149,hhs10,vanilla_mamba,1024
0.32204070329362555,0.8385826771653543,0.40342719312946124,0.8389261744966443,0.4465690001065062,0.8385826771653543,0.5719585748450843,0.8120805369127517,0.5346361686440821,0.9133858267716536,0.6867913500110285,0.8590604026845637,0.6101086459777847,0.8937007874015748,0.7630363331935649,0.8322147651006712,254,149,hhs10,patchtst,42
0.3269211224184259,0.8307086614173228,0.3950773076453548,0.8389261744966443,0.41557559870426364,0.8740157480314961,0.5238235889304549,0.8456375838926175,0.5128621560081368,0.9133858267716536,0.633939181983207,0.8590604026845637,0.5920308252515761,0.9133858267716536,0.7166192194809707,0.87248322147651,254,149,hhs10,patchtst,123
0.34136660725237933,0.8622047244094488,0.4391167306318687,0.8456375838926175,0.4283378085708348,0.905511811023622,0.5337404825320075,0.87248322147651,0.49593660746853707,0.9291338582677166,0.6074460413211047,0.8926174496644296,0.5531487037336542,0.9212598425196851,0.6535706787041157,0.8993288590604027,254,149,hhs10,patchtst,456
0.33120508116253006,0.8818897637795275,0.42334697960987044,0.8523489932885906,0.41864992092051967,0.9251968503937008,0.5282799043563444,0.87248322147651,0.4852868853781061,0.937007874015748,0.6109304775323765,0.8926174496644296,0.5565863560970514,0.9448818897637795,0.6689405031780086,0.9060402684563759,254,149,hhs10,patchtst,789
0.2508846121222991,0.9015748031496063,0.2866867990762076,0.8859060402684564,0.36908170980781185,0.9251968503937008,0.4538126163663084,0.8791946308724832,0.4610594569183928,0.9251968503937008,0.5722638498514655,0.87248322147651,0.5320854238924022,0.9094488188976378,0.6598238362440336,0.87248322147651,254,149,hhs10,patchtst,1024
0.16951890262061656,0.9494163424124513,0.22277835386920336,0.912751677852349,0.3010902935844514,0.9416342412451362,0.3941017879766241,0.912751677852349,0.40243489115795417,0.9299610894941635,0.5276161234546706,0.8926174496644296,0.48609125658626057,0.914396887159533,0.6311213285176274,0.87248322147651,257,149,hhs10,cg_mamba,42
0.1713898216734923,0.9494163424124513,0.22905761179511694,0.912751677852349,0.2988620928204461,0.9494163424124513,0.40341726099764524,0.912751677852349,0.407842410130843,0.9377431906614786,0.5543296928510141,0.8926174496644296,0.48523940378043995,0.9260700389105059,0.6547092390372113,0.8859060402684564,257,149,hhs10,cg_mamba,123
0.17965272532798132,0.9494163424124513,0.23476408389773856,0.912751677852349,0.31339121529893077,0.9455252918287937,0.41157317970956464,0.912751677852349,0.41909566316668995,0.9299610894941635,0.5563993599959179,0.8791946308724832,0.4972689356057775,0.914396887159533,0.657026595632977,0.8791946308724832,257,149,hhs10,cg_mamba,456
0.16959390799748372,0.9494163424124513,0.2220262033998445,0.912751677852349,0.30265952587617984,0.9416342412451362,0.38915880400512615,0.912751677852349,0.40814580746755214,0.9260700389105059,0.5214760652099206,0.8926174496644296,0.4986581467365287,0.9182879377431906,0.6288371791284174,0.8791946308724832,257,149,hhs10,cg_mamba,789
0.17329981821491452,0.9455252918287937,0.22873438220347966,0.9060402684563759,0.3003185474411098,0.9455252918287937,0.39833641390885105,0.912751677852349,0.40172716115062385,0.9260700389105059,0.5358995381217078,0.8859060402684564,0.48923864052101024,0.914396887159533,0.6506603162190729,0.87248322147651,257,149,hhs10,cg_mamba,1024
