sample_idx,horizon,target_ep,mu_CGM_raw,mu_HMM_raw,y_raw,sigma2_within,sigma2_between_HMM,bias_sq,sigma2_total
0,1,202240,2.6466827392578125,3.1087942123413086,2.612569808959961,1.100166916847229,0.20472165942192078,0.13353651762008667,1.3048886060714722
0,2,202241,2.960669994354248,3.0380959510803223,3.007629871368408,1.061923861503601,0.2740001678466797,0.0037486753426492214,1.3359240293502808
0,3,202242,3.1810879707336426,2.975770950317383,3.3197498321533203,1.0282102823257446,0.32989007234573364,0.026360657066106796,1.358100414276123
0,4,202243,3.372415065765381,2.9386985301971436,4.368199825286865,1.0081565380096436,0.36083072423934937,0.11763006448745728,1.3689873218536377
1,1,202241,2.871525526046753,3.273026466369629,3.007629871368408,1.1890041828155518,0.019655151292681694,0.1008043959736824,1.208659291267395
1,2,202242,3.108318328857422,3.285813570022583,3.3197498321533203,1.1959213018417358,0.0038303546607494354,0.01970059424638748,1.199751615524292
1,3,202243,3.269284248352051,3.288317918777466,4.368199825286865,1.1972758769989014,0.000707529834471643,0.00022654359054286033,1.1979833841323853
1,4,202244,3.4023473262786865,3.2887957096099854,5.421440124511719,1.1975343227386475,0.00011053336493205279,0.008062927052378654,1.197644829750061
2,1,202242,3.3327736854553223,3.2886788845062256,3.3197498321533203,1.197471261024475,0.000256548315519467,0.0012158607132732868,1.1977277994155884
2,2,202243,3.6143434047698975,3.288882255554199,4.368199825286865,1.1975812911987305,2.257721462228801e-06,0.06623753160238266,1.197583556175232
2,3,202244,3.788412094116211,3.288884162902832,5.421440124511719,1.1975822448730469,2.0690529289879578e-09,0.15603628754615784,1.1975822448730469
2,4,202245,3.932741403579712,3.288884162902832,5.735219955444336,1.1975822448730469,1.916015496218268e-13,0.2592301070690155,1.1975822448730469
3,1,202243,3.73655366897583,3.2888400554656982,4.368199825286865,1.1975584030151367,5.526375389308669e-05,0.12534502148628235,1.1976137161254883
3,2,202244,4.057672500610352,3.2888829708099365,5.421440124511719,1.1975815296173096,1.6061347878348897e-06,0.36959099769592285,1.1975830793380737
3,3,202245,4.255054473876953,3.288884162902832,5.735219955444336,1.1975822448730469,2.3061993204009923e-08,0.5837327241897583,1.1975822448730469
3,4,202246,4.407601833343506,3.288884162902832,5.917929649353027,1.1975822448730469,1.6253971779622844e-10,0.7826136350631714,1.1975822448730469
4,1,202244,4.929386138916016,3.288884162902832,5.421440124511719,1.1975822448730469,2.849356477602245e-29,1.6829065084457397,1.1975822448730469
4,2,202245,5.310428619384766,3.288884162902832,5.735219955444336,1.1975822448730469,2.027486073529917e-31,2.55548357963562,1.1975822448730469
4,3,202246,5.470087051391602,3.288884162902832,5.917929649353027,1.1975822448730469,2.027486073529917e-31,2.975078582763672,1.1975822448730469
4,4,202247,5.546204090118408,3.288884162902832,7.425310134887695,1.1975822448730469,2.027486073529917e-31,3.1863436698913574,1.1975822448730469
5,1,202245,5.968575477600098,3.288884162902832,5.735219955444336,1.1975822448730469,2.027486073529917e-31,4.490305423736572,1.1975822448730469
5,2,202246,6.276691436767578,3.288884162902832,5.917929649353027,1.1975822448730469,2.027486073529917e-31,5.582277774810791,1.1975822448730469
5,3,202247,6.294432640075684,3.288884162902832,7.425310134887695,1.1975822448730469,2.027486073529917e-31,5.648769378662109,1.1975822448730469
5,4,202248,6.209127426147461,3.288884162902832,7.218219757080078,1.1975822448730469,2.027486073529917e-31,5.332667827606201,1.1975822448730469
6,1,202246,6.019258499145508,3.288884162902832,5.917929649353027,1.1975822448730469,2.027486073529917e-31,4.661770820617676,1.1975822448730469
6,2,202247,6.139908790588379,3.288884162902832,7.425310134887695,1.1975822448730469,2.027486073529917e-31,5.0828633308410645,1.1975822448730469
6,3,202248,5.934101104736328,3.288884162902832,7.218219757080078,1.1975822448730469,2.027486073529917e-31,4.375512599945068,1.1975822448730469
6,4,202249,5.659612655639648,3.288884162902832,6.870340347290039,1.1975822448730469,2.027486073529917e-31,3.5145530700683594,1.1975822448730469
7,1,202247,6.159085273742676,3.288884162902832,7.425310134887695,1.1975822448730469,2.027486073529917e-31,5.1514668464660645,1.1975822448730469
7,2,202248,6.228205680847168,3.288884162902832,7.218219757080078,1.1975822448730469,2.027486073529917e-31,5.402571201324463,1.1975822448730469
7,3,202249,6.014402389526367,3.288884162902832,6.870340347290039,1.1975822448730469,2.027486073529917e-31,4.645201683044434,1.1975822448730469
7,4,202250,5.723579406738281,3.288884162902832,6.297719955444336,1.1975822448730469,2.027486073529917e-31,3.70676851272583,1.1975822448730469
8,1,202248,7.422672271728516,3.288884162902832,7.218219757080078,1.1975822448730469,2.027486073529917e-31,10.685697555541992,1.1975822448730469
8,2,202249,7.285037040710449,3.288884162902832,6.870340347290039,1.1975822448730469,2.027486073529917e-31,9.985979080200195,1.1975822448730469
8,3,202250,7.023475646972656,3.288884162902832,6.297719955444336,1.1975822448730469,2.027486073529917e-31,8.721527099609375,1.1975822448730469
8,4,202251,6.695111274719238,3.288884162902832,6.0029296875,1.1975822448730469,2.027486073529917e-31,7.255270004272461,1.1975822448730469
9,1,202249,6.9389142990112305,3.288884162902832,6.870340347290039,1.1975822448730469,2.027486073529917e-31,8.331039428710938,1.1975822448730469
9,2,202250,6.671015739440918,3.288884162902832,6.297719955444336,1.1975822448730469,2.027486073529917e-31,7.1529860496521,1.1975822448730469
9,3,202251,6.394600868225098,3.288884162902832,6.0029296875,1.1975822448730469,2.027486073529917e-31,6.031565189361572,1.1975822448730469
9,4,202252,6.057351112365723,3.288884162902832,5.338379859924316,1.1975822448730469,2.027486073529917e-31,4.792752742767334,1.1975822448730469
10,1,202250,6.362090110778809,3.288884162902832,6.297719955444336,1.1975822448730469,2.027486073529917e-31,5.905947685241699,1.1975822448730469
10,2,202251,6.028634071350098,3.288884162902832,6.0029296875,1.1975822448730469,2.027486073529917e-31,4.693838119506836,1.1975822448730469
10,3,202252,5.7773051261901855,3.288884162902832,5.338379859924316,1.1975822448730469,2.027486073529917e-31,3.8721671104431152,1.1975822448730469
10,4,202301,5.546175956726074,3.288884162902832,3.9348199367523193,1.1975822448730469,9.992439071490347e-28,3.1862635612487793,1.1975822448730469
11,1,202251,5.8412628173828125,3.288884162902832,6.0029296875,1.1975822448730469,2.027486073529917e-31,4.073771953582764,1.1975822448730469
11,2,202252,5.527791500091553,3.288884162902832,5.338379859924316,1.1975822448730469,3.288756065156605e-22,3.1345746517181396,1.1975822448730469
11,3,202301,5.241456031799316,3.288884162902832,3.9348199367523193,1.1975822448730469,1.2479166158275209e-14,2.384077787399292,1.1975822448730469
11,4,202302,4.950152397155762,3.288884162902832,2.9455299377441406,1.1975822448730469,1.5666816732817779e-09,1.7257819175720215,1.1975822448730469
12,1,202252,5.757920265197754,3.288884162902832,5.338379859924316,1.1975822448730469,2.027486073529917e-31,3.8120741844177246,1.1975822448730469
12,2,202301,5.547287940979004,3.288884162902832,3.9348199367523193,1.1975822448730469,8.33620287500549e-28,3.189404249191284,1.1975822448730469
12,3,202302,5.255727291107178,3.288884162902832,2.9455299377441406,1.1975822448730469,6.2226275115397046e-24,2.419055223464966,1.1975822448730469
12,4,202303,4.890714645385742,3.288884162902832,2.6381099224090576,1.1975822448730469,2.3335301455049363e-20,1.604499340057373,1.1975822448730469
13,1,202301,5.2741851806640625,3.288884162902832,3.9348199367523193,1.1975822448730469,4.894207654433326e-18,2.464672327041626,1.1975822448730469
13,2,202302,5.151427745819092,3.288884162902832,2.9455299377441406,1.1975822448730469,3.5472676879200193e-11,2.169297933578491,1.1975822448730469
13,3,202303,4.911355972290039,3.288884162902832,2.6381099224090576,1.1975821256637573,2.374098357904586e-07,1.646116852760315,1.1975823640823364
13,4,202304,4.538361549377441,3.2888829708099365,2.6252200603485107,1.1975816488265991,1.4672016277472721e-06,0.9762564301490784,1.1975830793380737
14,1,202302,3.5337772369384766,3.288884162902832,2.9455299377441406,1.1975822448730469,4.837326372815964e-22,0.03750244900584221,1.1975822448730469
14,2,202303,3.251490831375122,3.288884162902832,2.6381099224090576,1.1975822448730469,7.78083100325667e-29,0.0008743698126636446,1.1975822448730469
14,3,202304,3.006448268890381,3.288884162902832,2.6252200603485107,1.1975822448730469,2.027486073529917e-31,0.04988231509923935,1.1975822448730469
14,4,202305,2.7076361179351807,3.288884162902832,2.5847699642181396,1.1975822448730469,2.027486073529917e-31,0.21126589179039001,1.1975822448730469
15,1,202303,2.582364797592163,3.288884162902832,2.6381099224090576,1.1975822448730469,4.0851504579282605e-13,0.3121437728404999,1.1975822448730469
15,2,202304,2.359280824661255,3.288884162902832,2.6252200603485107,1.1975822448730469,3.006884377040409e-15,0.5403831005096436,1.1975822448730469
15,3,202305,2.1777052879333496,3.288884162902832,2.5847699642181396,1.1975822448730469,2.764911781976016e-22,0.7721013426780701,1.1975822448730469
15,4,202306,1.9560319185256958,3.288884162902832,2.591480016708374,1.1975822448730469,2.027486073529917e-31,1.1108886003494263,1.1975822448730469
16,1,202304,2.4375011920928955,3.285520553588867,2.6252200603485107,1.1957629919052124,0.0041959285736083984,0.44969484210014343,1.1999589204788208
16,2,202305,2.3156912326812744,3.2873058319091797,2.5847699642181396,1.196738839149475,0.002007061615586281,0.5903294682502747,1.198745846748352
16,3,202306,2.2038683891296387,3.2869086265563965,2.591480016708374,1.1966313123703003,0.002881442429497838,0.7334924340248108,1.1995127201080322
16,4,202307,2.0120046138763428,3.285301923751831,2.5700998306274414,1.1958911418914795,0.005339162889868021,1.0138320922851562,1.2012302875518799
17,1,202305,2.664523124694824,3.251303195953369,2.5847699642181396,1.1772533655166626,0.046070244163274765,0.2153063863515854,1.2233235836029053
17,2,202306,2.686068058013916,3.2573790550231934,2.591480016708374,1.1805400848388672,0.03874141722917557,0.2041040062904358,1.219281554222107
17,3,202307,2.6409623622894287,3.264585256576538,2.5700998306274414,1.1844381093978882,0.02998952567577362,0.24319268763065338,1.2144275903701782
17,4,202308,2.474679946899414,3.270604133605957,2.5270700454711914,1.1876939535140991,0.022629881277680397,0.39614084362983704,1.2103238105773926
18,1,202306,2.6524555683135986,3.2721176147460938,2.591480016708374,1.1885128021240234,0.020772423595190048,0.24011321365833282,1.2092852592468262
18,2,202307,2.6953558921813965,3.280658006668091,2.5700998306274414,1.1931324005126953,0.010235794819891453,0.2142232060432434,1.2033681869506836
18,3,202308,2.6616194248199463,3.285055637359619,2.5270700454711914,1.1955113410949707,0.00477495975792408,0.24304690957069397,1.2002862691879272
18,4,202309,2.499023914337158,3.2871789932250977,2.4046900272369385,1.196660041809082,0.0021294322796165943,0.3884451687335968,1.1987894773483276
19,1,202307,2.665522813796997,3.2813711166381836,2.5700998306274414,1.1935181617736816,0.009351427666842937,0.23716671764850616,1.2028695344924927
19,2,202308,2.693988561630249,3.2855570316314697,2.5270700454711914,1.1957824230194092,0.0041501326486468315,0.2188348025083542,1.19993257522583
19,3,202309,2.6474852561950684,3.2874255180358887,2.4046900272369385,1.1967931985855103,0.0018213439034298062,0.25608569383621216,1.1986145973205566
19,4,202310,2.466923713684082,3.2882630825042725,2.357100009918213,1.1972463130950928,0.0007755872211419046,0.4218440055847168,1.1980218887329102
20,1,202308,2.5963146686553955,3.2656476497650146,2.5270700454711914,1.185012936592102,0.028693832457065582,0.28015008568763733,1.2137067317962646
20,2,202309,2.585716724395752,3.252927303314209,2.4046900272369385,1.178132176399231,0.04411568492650986,0.2783764600753784,1.222247838973999
20,3,202310,2.4993667602539062,3.231952667236328,2.357100009918213,1.166786551475525,0.06910290569067001,0.3356011211872101,1.2358894348144531
20,4,202311,2.263014793395996,3.196053981781006,2.3545000553131104,1.1473678350448608,0.11059257388114929,0.5443850159645081,1.2579604387283325
21,1,202309,2.5608632564544678,3.2569823265075684,2.4046900272369385,1.1803261041641235,0.03922249749302864,0.3030216097831726,1.2195485830307007
21,2,202310,2.554046154022217,3.2436983585357666,2.357100009918213,1.173141360282898,0.05518240109086037,0.2974174916744232,1.2283238172531128
21,3,202311,2.4476351737976074,3.2246246337890625,2.3545000553131104,1.1628268957138062,0.07771827280521393,0.37751707434654236,1.2405451536178589
21,4,202312,2.2105960845947266,3.19669508934021,2.310960054397583,1.1477280855178833,0.10991261899471283,0.6080615520477295,1.2576407194137573
22,1,202310,2.433729887008667,3.2848334312438965,2.357100009918213,1.1953924894332886,0.0050558228977024555,0.4529719650745392,1.2004482746124268
22,2,202311,2.4426488876342773,3.287522554397583,2.3545000553131104,1.1968504190444946,0.0017170000355690718,0.44636470079421997,1.1985673904418945
22,3,202312,2.3558928966522217,3.2883760929107666,2.310960054397583,1.1973190307617188,0.0006759802345186472,0.5437363982200623,1.1979950666427612
22,4,202313,2.1729884147644043,3.2885003089904785,2.2577099800109863,1.1973960399627686,0.000555963022634387,0.7781348824501038,1.1979520320892334
23,1,202311,2.4026224613189697,3.280731678009033,2.3545000553131104,1.1931748390197754,0.01015232689678669,0.4821738302707672,1.2033271789550781
23,2,202312,2.4206185340881348,3.2825469970703125,2.310960054397583,1.1941583156585693,0.007907687686383724,0.46456730365753174,1.2020659446716309
23,3,202313,2.342386484146118,3.284045457839966,2.2577099800109863,1.1949717998504639,0.006055665668100119,0.5544898509979248,1.201027512550354
23,4,202314,2.167078971862793,3.2852253913879395,2.1295299530029297,1.195614218711853,0.0046033053658902645,0.781814455986023,1.2002174854278564
24,1,202312,2.427274227142334,3.2758777141571045,2.310960054397583,1.1905486583709717,0.01615132763981819,0.45031461119651794,1.2066999673843384
24,2,202313,2.4700887203216553,3.2745304107666016,2.2577099800109863,1.1898200511932373,0.017811840400099754,0.4046649932861328,1.2076319456100464
24,3,202314,2.4019932746887207,3.2730448246002197,2.1295299530029297,1.1890164613723755,0.01964063197374344,0.47445377707481384,1.208657145500183
24,4,202315,2.230562210083008,3.271397113800049,2.010469913482666,1.1881251335144043,0.021665368229150772,0.6774387359619141,1.2097904682159424
25,1,202313,2.3915319442749023,3.28725266456604,2.2577099800109863,1.1967004537582397,0.002039809012785554,0.5017087459564209,1.1987402439117432
25,2,202314,2.43637752532959,3.2883830070495605,2.1295299530029297,1.1973116397857666,0.0006285504205152392,0.4539322257041931,1.1979402303695679
25,3,202315,2.3775291442871094,3.2887425422668457,2.010469913482666,1.197506070137024,0.00017853823374025524,0.5192142724990845,1.197684645652771
25,4,202316,2.2200732231140137,3.288846731185913,1.9077600240707397,1.1975622177124023,4.790422826772556e-05,0.7142951488494873,1.1976101398468018
26,1,202314,2.3182411193847656,3.2843616008758545,2.1295299530029297,1.1951433420181274,0.005664674565196037,0.583672046661377,1.200808048248291
26,2,202315,2.3452439308166504,3.283987045288086,2.010469913482666,1.1949530839920044,0.006173046305775642,0.5510613918304443,1.2011260986328125
26,3,202316,2.2775652408599854,3.283463716506958,1.9077600240707397,1.1946985721588135,0.006925429217517376,0.6327245235443115,1.2016240358352661
26,4,202317,2.1194567680358887,3.282522678375244,1.9039299488067627,1.1942541599273682,0.00832272693514824,0.8458920121192932,1.2025768756866455
27,1,202315,2.173267364501953,3.2853586673736572,2.010469913482666,1.1957319974899292,0.004597984254360199,0.7733699679374695,1.2003300189971924
27,2,202316,2.1900136470794678,3.2827811241149902,1.9077600240707397,1.1945228576660156,0.008457066491246223,0.7467268705368042,1.2029799222946167
27,3,202317,2.116422414779663,3.2751660346984863,1.9039299488067627,1.1909534931182861,0.01981910690665245,0.8396169543266296,1.2107726335525513
27,4,202318,1.9692468643188477,3.256959915161133,1.936079978942871,1.1823992729187012,0.046619586646556854,1.0369185209274292,1.2290188074111938
28,1,202316,2.031057357788086,3.2878456115722656,1.9077600240707397,1.1970659494400024,0.0014578510308638215,0.987712562084198,1.198523759841919
28,2,202317,2.0400338172912598,3.2879209518432617,1.9039299488067627,1.1971216201782227,0.0014174298848956823,0.9737710952758789,1.1985390186309814
28,3,202318,1.957339882850647,3.287961006164551,1.936079978942871,1.1971455812454224,0.0013750209473073483,1.1071723699569702,1.1985206604003906
28,4,202319,1.8338048458099365,3.2881526947021484,1.908460021018982,1.1972370147705078,0.0010921306675300002,1.3226441144943237,1.1983290910720825
29,1,202317,1.9117114543914795,3.286294460296631,1.9039299488067627,1.1963361501693726,0.003778181504458189,1.18153977394104,1.200114369392395
29,2,202318,1.907263159751892,3.2849013805389404,1.936079978942871,1.1956928968429565,0.005902587901800871,1.1867979764938354,1.201595425605774
29,3,202319,1.8249741792678833,3.283409595489502,1.908460021018982,1.1949958801269531,0.008146961219608784,1.3300892114639282,1.2031428813934326
29,4,202320,1.7267810106277466,3.282588005065918,1.8823599815368652,1.1946111917495728,0.009378371760249138,1.5136233568191528,1.2039895057678223
30,1,202318,1.9064598083496094,3.286595344543457,1.936079978942871,1.1964521408081055,0.0032388465479016304,1.1911042928695679,1.1996909379959106
30,2,202319,1.8939850330352783,3.2869045734405518,1.908460021018982,1.196608066558838,0.0028126186225563288,1.2132726907730103,1.199420690536499
30,3,202320,1.8129966259002686,3.2871696949005127,1.8823599815368652,1.1967413425445557,0.0024455522652715445,1.3589495420455933,1.19918692111969
30,4,202321,1.7304271459579468,3.2873969078063965,1.8332799673080444,1.1968549489974976,0.002129894681274891,1.515886902809143,1.1989848613739014
31,1,202319,1.9403873682022095,3.286956310272217,1.908460021018982,1.196595549583435,0.0026048519648611546,1.1338709592819214,1.1992003917694092
31,2,202320,1.9262385368347168,3.2871222496032715,1.8823599815368652,1.1966651678085327,0.0023265399504452944,1.1581066846847534,1.1989916563034058
31,3,202321,1.8450740575790405,3.2871899604797363,1.8332799673080444,1.1966884136199951,0.002195200650021434,1.3004891872406006,1.1988836526870728
31,4,202322,1.7638572454452515,3.2871923446655273,1.83856999874115,1.1966809034347534,0.0021616825833916664,1.4510996341705322,1.1988426446914673
32,1,202320,1.9183268547058105,3.2875680923461914,1.8823599815368652,1.1969388723373413,0.0018853878136724234,1.1723743677139282,1.1988242864608765
32,2,202321,1.9207704067230225,3.2877752780914307,1.8332799673080444,1.1970468759536743,0.0016127093695104122,1.1685481071472168,1.1986595392227173
32,3,202322,1.8245007991790771,3.287926197052002,1.83856999874115,1.1971238851547241,0.0014078413369134068,1.3392064571380615,1.1985317468643188
32,4,202323,1.7156764268875122,3.288045883178711,1.5774799585342407,1.19718337059021,0.001240002689883113,1.546021819114685,1.1984233856201172
33,1,202321,1.8922826051712036,3.283041000366211,1.8332799673080444,1.1947057247161865,0.008283642120659351,1.2095110416412354,1.2029893398284912
33,2,202322,1.8946073055267334,3.2766480445861816,1.83856999874115,1.1915655136108398,0.017322158440947533,1.1943955421447754,1.2088876962661743
33,3,202323,1.7912129163742065,3.2630529403686523,1.5774799585342407,1.1849141120910645,0.03646712377667427,1.3546515703201294,1.2213811874389648
33,4,202324,1.6749252080917358,3.23228120803833,1.4861400127410889,1.1699542999267578,0.0792837142944336,1.5166387557983398,1.2492380142211914
34,1,202322,1.8339310884475708,3.287391185760498,1.83856999874115,1.1968402862548828,0.0020969738252460957,1.3210296630859375,1.1989372968673706
34,2,202323,1.8267308473587036,3.287778377532959,1.5774799585342407,1.1970305442810059,0.001544628175906837,1.3348582983016968,1.1985751390457153
34,3,202324,1.7326297760009766,3.28806734085083,1.4861400127410889,1.1971732378005981,0.0011369792046025395,1.512904405593872,1.1983102560043335
34,4,202325,1.6418746709823608,3.288283348083496,1.3647199869155884,1.197280764579773,0.0008339306223206222,1.6950464248657227,1.1981147527694702
35,1,202323,1.8377902507781982,3.2819042205810547,1.5774799585342407,1.194167137145996,0.009964688681066036,1.3040952682495117,1.204131841659546
35,2,202324,1.8208905458450317,3.2774133682250977,1.4861400127410889,1.1920260190963745,0.016542181372642517,1.3266026973724365,1.2085682153701782
35,3,202325,1.728656530380249,3.2688632011413574,1.3647199869155884,1.1879692077636719,0.029063943773508072,1.483420729637146,1.2170331478118896
35,4,202326,1.6343828439712524,3.250903367996216,1.2709499597549438,1.1794744729995728,0.055163368582725525,1.6340632438659668,1.2346378564834595
36,1,202324,1.5793732404708862,3.2883522510528564,1.4861400127410889,1.1973313093185425,0.0007944473181851208,1.8263325691223145,1.1981257200241089
36,2,202325,1.5698637962341309,3.288762331008911,1.3647199869155884,1.1975246667861938,0.00018207299581263214,1.8475950956344604,1.197706699371338
36,3,202326,1.4979047775268555,3.2888760566711426,1.2709499597549438,1.1975783109664917,1.2250673535163514e-05,2.0057811737060547,1.1975905895233154
36,4,202327,1.4265213012695312,3.288884162902832,1.2255299091339111,1.1975821256637573,2.4426589106951724e-07,2.168877124786377,1.1975823640823364
37,1,202325,1.477477788925171,3.2775425910949707,1.3647199869155884,1.1922276020050049,0.016847658902406693,2.0262017250061035,1.2090752124786377
37,2,202326,1.4617457389831543,3.2719192504882812,1.2709499597549438,1.1895751953125,0.025149917230010033,2.049022912979126,1.214725136756897
37,3,202327,1.3963701725006104,3.2670936584472656,1.2255299091339111,1.187299370765686,0.03224347531795502,2.188394546508789,1.2195428609848022
37,4,202328,1.3170368671417236,3.2653450965881348,1.1579300165176392,1.1864749193191528,0.03480789065361023,2.3736777305603027,1.2212828397750854
38,1,202326,1.3683509826660156,3.2813162803649902,1.2709499597549438,1.1940114498138428,0.01126695703715086,2.2883400917053223,1.2052783966064453
38,2,202327,1.3583152294158936,3.283257007598877,1.2255299091339111,1.194927453994751,0.00838590320199728,2.3170831203460693,1.2033133506774902
38,3,202328,1.3023040294647217,3.2857859134674072,1.1579300165176392,1.1961205005645752,0.004621993284672499,2.4601571559906006,1.200742483139038
38,4,202329,1.2459814548492432,3.287595272064209,1.1268500089645386,1.1969739198684692,0.0019243624992668629,2.6064748764038086,1.1988983154296875
39,1,202327,1.2753736972808838,3.282637357711792,1.2255299091339111,1.1946338415145874,0.009302829392254353,2.519505262374878,1.2039366960525513
39,2,202328,1.2716270685195923,3.284771680831909,1.1579300165176392,1.1956409215927124,0.006129035726189613,2.534290075302124,1.2017699480056763
39,3,202329,1.2273794412612915,3.286562919616699,1.1268500089645386,1.1964861154556274,0.0034609707072377205,2.651529312133789,1.1999471187591553
39,4,202330,1.176337480545044,3.2877440452575684,1.1680500507354736,1.197043538093567,0.0016996660269796848,2.7877259254455566,1.198743224143982
40,1,202328,1.2453638315200806,3.2608261108398438,1.1579300165176392,1.1843374967575073,0.04139376059174538,2.540128707885742,1.2257312536239624
40,2,202329,1.2520771026611328,3.2375097274780273,1.1268500089645386,1.1733332872390747,0.07505040615797043,2.464998960494995,1.248383641242981
40,3,202330,1.2094907760620117,3.1913506984710693,1.1680500507354736,1.1515530347824097,0.1396908462047577,2.4561350345611572,1.2912439107894897
40,4,202331,1.168418288230896,3.0928287506103516,1.2029900550842285,1.1050752401351929,0.26878175139427185,2.3158042430877686,1.373857021331787
41,1,202329,1.190186619758606,3.2846670150756836,1.1268500089645386,1.195591926574707,0.006285801064223051,2.7432093620300293,1.2018777132034302
41,2,202330,1.2088451385498047,3.2870640754699707,1.1680500507354736,1.1967233419418335,0.0027157324366271496,2.7007791996002197,1.1994390487670898
41,3,202331,1.181484341621399,3.288123607635498,1.2029900550842285,1.197223424911499,0.0011353692971169949,2.7751519680023193,1.1983587741851807
41,4,202332,1.1651018857955933,3.2885818481445312,1.2735700607299805,1.1974396705627441,0.0004514751781243831,2.8196988105773926,1.197891116142273
42,1,202330,1.1739258766174316,3.2839460372924805,1.1680500507354736,1.1952519416809082,0.007359114475548267,2.7840662002563477,1.2026110887527466
42,2,202331,1.2084951400756836,3.2853918075561523,1.2029900550842285,1.195934534072876,0.005208570044487715,2.697343111038208,1.2011431455612183
42,3,202332,1.1939752101898193,3.2864441871643066,1.2735700607299805,1.196431040763855,0.0036414063069969416,2.737942695617676,1.2000724077224731
42,4,202333,1.192522644996643,3.2872018814086914,1.4482100009918213,1.1967885494232178,0.0025116396136581898,2.743730306625366,1.1993001699447632
43,1,202331,1.231724739074707,3.2809791564941406,1.2029900550842285,1.1938482522964478,0.01175265945494175,2.626020908355713,1.2056008577346802
43,2,202332,1.284752368927002,3.279475450515747,1.2735700607299805,1.19313645362854,0.013975107111036777,2.488121747970581,1.2071115970611572
43,3,202333,1.283977746963501,3.2780046463012695,1.4482100009918213,1.1924396753311157,0.016142364591360092,2.4863858222961426,1.2085820436477661
43,4,202334,1.2972471714019775,3.27670955657959,1.703909993171692,1.1918243169784546,0.018043389543890953,2.4501969814300537,1.2098677158355713
44,1,202332,1.2821552753448486,3.2793502807617188,1.2735700607299805,1.193077802658081,0.014161689206957817,2.4942922592163086,1.2072395086288452
44,2,202333,1.3534773588180542,3.27775502204895,1.4482100009918213,1.1923222541809082,0.016513409093022346,2.3154842853546143,1.2088357210159302
44,3,202334,1.3696398735046387,3.2761847972869873,1.703909993171692,1.191577434539795,0.018821682780981064,2.273005247116089,1.2103991508483887
44,4,202335,1.3975027799606323,3.274732828140259,1.9330500364303589,1.1908869743347168,0.02094663493335247,2.203643798828125,1.2118335962295532
45,1,202333,1.3641984462738037,3.2857046127319336,1.4482100009918213,1.1960800886154175,0.00473612267524004,2.308819532394409,1.2008161544799805
45,2,202334,1.4466805458068848,3.287112236022949,1.703909993171692,1.1967451572418213,0.0026413616724312305,2.1180968284606934,1.199386477470398
45,3,202335,1.4743735790252686,3.2879796028137207,1.9330500364303589,1.1971551179885864,0.0013488343684002757,2.0568013191223145,1.1985039710998535
45,4,202336,1.5104987621307373,3.288461923599243,2.002039909362793,1.1973828077316284,0.0006300921086221933,1.9767508506774902,1.1980129480361938
46,1,202334,1.5583949089050293,3.2869091033935547,1.703909993171692,1.1966431140899658,0.0029224997851997614,1.8683242797851562,1.1995656490325928
46,2,202335,1.657240867614746,3.288067579269409,1.9330500364303589,1.1971887350082397,0.0011901448015123606,1.6631139516830444,1.1983789205551147
46,3,202336,1.694074273109436,3.288620710372925,2.002039909362793,1.197450041770935,0.0003655682085081935,1.589939832687378,1.1978156566619873
46,4,202337,1.7406506538391113,3.2887730598449707,1.9404699802398682,1.1975234746932983,0.00014341616770252585,1.4987080097198486,1.197666883468628
47,1,202335,1.8312312364578247,3.288727045059204,1.9330500364303589,1.197502851486206,0.0002164231555070728,1.3283758163452148,1.1977192163467407
47,2,202336,1.943858027458191,3.2888269424438477,2.002039909362793,1.1975516080856323,7.211768388515338e-05,1.1311781406402588,1.1976237297058105
47,3,202337,1.989174723625183,3.288857936859131,1.9404699802398682,1.1975680589675903,3.284001286374405e-05,1.0562857389450073,1.1976008415222168
47,4,202338,2.0410728454589844,3.2888753414154053,2.0376100540161133,1.1975774765014648,1.1081699085480068e-05,0.9736393690109253,1.197588562965393
48,1,202336,2.083122491836548,3.2852699756622314,2.002039909362793,1.1956344842910767,0.004532730672508478,0.9036949276924133,1.200167179107666
48,2,202337,2.2245962619781494,3.2777013778686523,1.9404699802398682,1.1915339231491089,0.013895982876420021,0.6935052871704102,1.2054299116134644
48,3,202338,2.2900075912475586,3.268852710723877,2.0376100540161133,1.186746597290039,0.024776343256235123,0.5991480350494385,1.2115229368209839
48,4,202339,2.354698896408081,3.2693214416503906,2.0899200439453125,1.1870001554489136,0.024202218279242516,0.5231062769889832,1.2112023830413818
49,1,202337,2.1606767177581787,3.281264066696167,1.9404699802398682,1.1934962272644043,0.009610663168132305,0.7852317094802856,1.2031068801879883
49,2,202338,2.312450408935547,3.272927761077881,2.0376100540161133,1.1889762878417969,0.019866667687892914,0.5768734216690063,1.2088429927825928
49,3,202339,2.393095016479492,3.256438732147217,2.0899200439453125,1.1800481081008911,0.039936911314725876,0.46609440445899963,1.219985008239746
49,4,202340,2.4878644943237305,3.2248964309692383,2.2790799140930176,1.162979245185852,0.07741895318031311,0.33968719840049744,1.2403981685638428
50,1,202338,2.105556011199951,3.288041114807129,2.0376100540161133,1.1971635818481445,0.0011853144969791174,0.8743749260902405,1.198348879814148
50,2,202339,2.260676860809326,3.288309097290039,2.0899200439453125,1.1973060369491577,0.0008416761993430555,0.6603615880012512,1.1981476545333862
50,3,202340,2.3389017581939697,3.288435935974121,2.2790799140930176,1.1973698139190674,0.0006659504142589867,0.563803493976593,1.198035717010498
50,4,202341,2.416191339492798,3.288536787033081,2.337549924850464,1.1974180936813354,0.0005185588961467147,0.47586461901664734,1.1979366540908813
51,1,202339,2.2104554176330566,3.287261962890625,2.0899200439453125,1.1967110633850098,0.0020480449311435223,0.7250728011131287,1.1987590789794922
51,2,202340,2.3796703815460205,3.2872154712677,2.2790799140930176,1.1966811418533325,0.0020894857589155436,0.5150420665740967,1.1987706422805786
51,3,202341,2.4762542247772217,3.287214517593384,2.337549924850464,1.1966793537139893,0.002085733227431774,0.41124972701072693,1.1987650394439697
51,4,202342,2.561314582824707,3.287296772003174,2.5224199295043945,1.1967235803604126,0.001982190413400531,0.3295779526233673,1.198705792427063
52,1,202340,2.2729599475860596,3.286268711090088,2.2790799140930176,1.1961745023727417,0.0032880150247365236,0.6420814990997314,1.1994625329971313
52,2,202341,2.4560675621032715,3.2854137420654297,2.337549924850464,1.195708990097046,0.00434223935008049,0.4301086366176605,1.200051188468933
52,3,202342,2.568343162536621,3.2843451499938965,2.5224199295043945,1.195129156112671,0.005665463395416737,0.3205789625644684,1.2007945775985718
52,4,202343,2.664071559906006,3.283074140548706,2.71274995803833,1.194440484046936,0.007241689600050449,0.23960259556770325,1.201682209968567
53,1,202341,2.4974918365478516,3.2550761699676514,2.337549924850464,1.1801363229751587,0.04449945315718651,0.358895868062973,1.2246357202529907
53,2,202342,2.7326879501342773,3.204716682434082,2.5224199295043945,1.1565746068954468,0.1167055144906044,0.1393294483423233,1.273280143737793
53,3,202343,3.028610944747925,2.756699562072754,2.71274995803833,0.9461029767990112,0.6164199709892273,0.04623390734195709,1.5625228881835938
53,4,202344,3.035766363143921,1.1076633930206299,2.9453799724578857,0.16890813410282135,0.2844482660293579,2.324699640274048,0.45335638523101807
54,1,202342,2.5534846782684326,3.2798376083374023,2.5224199295043945,1.1927032470703125,0.011303417384624481,0.32991474866867065,1.2040066719055176
54,2,202343,2.760838747024536,3.2770049571990967,2.71274995803833,1.191164493560791,0.014781765639781952,0.16660405695438385,1.2059462070465088
54,3,202344,2.899963140487671,3.273655891418457,2.9453799724578857,1.1893490552902222,0.018895547837018967,0.08732443302869797,1.2082445621490479
54,4,202345,3.0232455730438232,3.2700133323669434,3.40956974029541,1.1873764991760254,0.023361394181847572,0.038078807294368744,1.210737943649292
55,1,202343,2.7592082023620605,3.2803051471710205,2.71274995803833,1.192941665649414,0.010672654956579208,0.16980230808258057,1.203614354133606
55,2,202344,2.9845213890075684,3.281287670135498,2.9453799724578857,1.1934731006622314,0.0094546964392066,0.05507265776395798,1.202927827835083
55,3,202345,3.1432509422302246,3.284122943878174,3.40956974029541,1.1950066089630127,0.005934486165642738,0.012409537099301815,1.2009410858154297
55,4,202346,3.2684240341186523,3.2867627143859863,3.6902999877929688,1.196434736251831,0.0026475698687136173,0.00021030248899478465,1.1990822553634644
56,1,202344,3.01654052734375,3.2796812057495117,2.9453799724578857,1.1926040649414062,0.01144503429532051,0.043299492448568344,1.2040491104125977
56,2,202345,3.2762880325317383,3.2829349040985107,3.40956974029541,1.194364070892334,0.007410820107907057,2.7626132578006946e-05,1.2017748355865479
56,3,202346,3.440952777862549,3.2862658500671387,3.6902999877929688,1.1961660385131836,0.0032668430358171463,0.014962808229029179,1.1994328498840332
56,4,202347,3.569352626800537,3.2880804538726807,3.929579973220825,1.1971473693847656,0.001003901707008481,0.04947202652692795,1.1981512308120728
57,1,202345,3.337282419204712,3.2843165397644043,3.40956974029541,1.1951113939285278,0.00569367129355669,0.0017542748246341944,1.2008050680160522
57,2,202346,3.6485071182250977,3.2876596450805664,3.6902999877929688,1.1969197988510132,0.0015292491298168898,0.08142426609992981,1.1984490156173706
57,3,202347,3.847357988357544,3.2887301445007324,3.929579973220825,1.1974989175796509,0.00019263422291260213,0.1951424777507782,1.197691559791565
57,4,202348,4.002239227294922,3.288874864578247,4.033339977264404,1.1975772380828857,1.167164919024799e-05,0.31822147965431213,1.1975889205932617
58,1,202346,3.912261962890625,3.288883686065674,3.6902999877929688,1.1975818872451782,8.666138455737382e-07,0.2430020123720169,1.197582721710205
58,2,202347,4.2977728843688965,3.288884162902832,3.929579973220825,1.1975822448730469,8.789741712256216e-10,0.6364919543266296,1.1975822448730469
58,3,202348,4.5120134353637695,3.288884162902832,4.033339977264404,1.1975822448730469,7.652673660778556e-14,0.9355151057243347,1.1975822448730469
58,4,202349,4.634258270263672,3.288884162902832,4.383819580078125,1.1975822448730469,5.715644324812785e-19,1.131859302520752,1.1975822448730469
59,1,202347,4.247231483459473,3.288882255554199,3.929579973220825,1.1975812911987305,2.2944805095903575e-06,0.5743195414543152,1.197583556175232
59,2,202348,4.633252143859863,3.288884162902832,4.033339977264404,1.1975822448730469,1.8660115230773044e-08,1.1301671266555786,1.1975822448730469
59,3,202349,4.8333234786987305,3.288884162902832,4.383819580078125,1.1975822448730469,4.4304965945984875e-11,1.4915850162506104,1.1975822448730469
59,4,202350,4.904003143310547,3.288884162902832,5.184260368347168,1.1975822448730469,3.069150023102957e-14,1.6312307119369507,1.1975822448730469
60,1,202348,4.458105087280273,3.288884162902832,4.033339977264404,1.1975822448730469,9.372015163933156e-09,0.8548686504364014,1.1975822448730469
60,2,202349,4.811309814453125,3.288884162902832,4.383819580078125,1.1975822448730469,3.2707816489951913e-12,1.4493680000305176,1.1975822448730469
60,3,202350,4.951033592224121,3.288884162902832,5.184260368347168,1.1975822448730469,1.2472276921677834e-16,1.7276127338409424,1.1975822448730469
60,4,202351,4.945242881774902,3.288884162902832,6.231570243835449,1.1975822448730469,5.196151809350373e-22,1.7155964374542236,1.1975822448730469
61,1,202349,4.518460273742676,3.288883686065674,4.383819580078125,1.1975820064544678,4.6893904936951003e-07,0.9454042315483093,1.197582483291626
61,2,202350,4.8440351486206055,3.288884162902832,5.184260368347168,1.1975821256637573,1.3880571714253165e-07,1.5123467445373535,1.1975822448730469
61,3,202351,4.953367233276367,3.288884162902832,6.231570243835449,1.1975822448730469,2.6987159174041153e-08,1.7324671745300293,1.1975822448730469
61,4,202352,4.896890640258789,3.288884162902832,6.796199798583984,1.1975822448730469,3.4464324727423445e-09,1.616895079612732,1.1975822448730469
62,1,202350,4.769550800323486,3.288884162902832,5.184260368347168,1.1975822448730469,5.790366016528159e-13,1.3709478378295898,1.1975822448730469
62,2,202351,4.965972900390625,3.288884162902832,6.231570243835449,1.1975822448730469,4.768577779104487e-17,1.7588077783584595,1.1975822448730469
62,3,202352,4.997672080993652,3.288884162902832,6.796199798583984,1.1975822448730469,7.245583158597759e-22,1.8259247541427612,1.1975822448730469
62,4,202401,4.8354644775390625,3.288884162902832,5.715359687805176,1.1975822448730469,2.0313549643570043e-27,1.4957232475280762,1.1975822448730469
63,1,202351,5.447208404541016,3.288884162902832,6.231570243835449,1.1975822448730469,2.027486073529917e-31,2.912994384765625,1.1975822448730469
63,2,202352,5.501195907592773,3.288884162902832,6.796199798583984,1.1975822448730469,2.027486073529917e-31,3.060546875,1.1975822448730469
63,3,202401,5.440450668334961,3.288884162902832,5.715359687805176,1.1975822448730469,2.027486073529917e-31,2.894782304763794,1.1975822448730469
63,4,202402,5.203268051147461,3.288884162902832,4.665760040283203,1.1975822448730469,2.027486073529917e-31,2.2917351722717285,1.1975822448730469
64,1,202352,6.27884578704834,3.288884162902832,6.796199798583984,1.1975822448730469,2.027486073529917e-31,5.590330600738525,1.1975822448730469
64,2,202401,6.165651321411133,3.288884162902832,5.715359687805176,1.1975822448730469,2.027486073529917e-31,5.175065517425537,1.1975822448730469
64,3,202402,5.991306304931641,3.288884162902832,4.665760040283203,1.1975822448730469,2.027486073529917e-31,4.566808223724365,1.1975822448730469
64,4,202403,5.6990838050842285,3.288884162902832,4.324460029602051,1.1975822448730469,2.027486073529917e-31,3.632556676864624,1.1975822448730469
65,1,202401,6.462528228759766,3.288884162902832,5.715359687805176,1.1975822448730469,2.027486073529917e-31,6.298292636871338,1.1975822448730469
65,2,202402,6.155391693115234,3.288884162902832,4.665760040283203,1.1975822448730469,2.027486073529917e-31,5.138219833374023,1.1975822448730469
65,3,202403,5.890798568725586,3.288884162902832,4.324460029602051,1.1975822448730469,2.027486073529917e-31,4.233429431915283,1.1975822448730469
65,4,202404,5.600069522857666,3.288884162902832,4.229720115661621,1.1975822448730469,2.027486073529917e-31,3.340226411819458,1.1975822448730469
66,1,202402,5.4668731689453125,3.288884162902832,4.665760040283203,1.1975822448730469,4.68243567977748e-23,2.9663190841674805,1.1975822448730469
66,2,202403,5.223310470581055,3.288884162902832,4.324460029602051,1.1975822448730469,2.984900060410897e-15,2.3399720191955566,1.1975822448730469
66,3,202404,4.950801849365234,3.288884162902832,4.229720115661621,1.1975822448730469,5.698062766329093e-17,1.7271320819854736,1.1975822448730469
66,4,202405,4.597759246826172,3.288884162902832,4.420650005340576,1.1975822448730469,4.684083732639699e-20,1.0712800025939941,1.1975822448730469
67,1,202403,4.506924152374268,3.288884162902832,4.324460029602051,1.1975822448730469,1.6030566088974518e-14,0.927746593952179,1.1975822448730469
67,2,202404,4.333690166473389,3.288884162902832,4.229720115661621,1.1975822448730469,2.8489844760681143e-14,0.6826179027557373,1.1975822448730469
67,3,202405,4.085343360900879,3.288884162902832,4.420650005340576,1.1975822448730469,4.910399714924051e-18,0.3966739773750305,1.1975822448730469
67,4,202406,3.6692869663238525,3.288884162902832,4.457050323486328,1.1975822448730469,2.7627186224417567e-22,0.09048858284950256,1.1975822448730469
68,1,202404,4.449403285980225,3.288884162902832,4.229720115661621,1.1975821256637573,1.2021962447761325e-07,0.8421919941902161,1.1975822448730469
68,2,202405,4.4651689529418945,3.2888753414154053,4.420650005340576,1.1975773572921753,1.11013114292291e-05,0.8652423024177551,1.1975884437561035
68,3,202406,4.314877510070801,3.2885870933532715,4.457050323486328,1.197421669960022,0.0003709832380991429,0.6586384177207947,1.197792649269104
68,4,202407,3.8926661014556885,3.2852864265441895,4.355110168457031,1.1956360340118408,0.004487054422497749,0.23068907856941223,1.2001230716705322
69,1,202405,4.050481796264648,3.288883686065674,4.420650005340576,1.1975820064544678,4.1452267396380194e-07,0.36270877718925476,1.1975823640823364
69,2,202406,3.8446483612060547,3.288882255554199,4.457050323486328,1.197581171989441,2.550898898334708e-06,0.19314807653427124,1.1975836753845215
69,3,202407,3.591350793838501,3.288876533508301,4.355110168457031,1.1975781917572021,9.376149137096945e-06,0.05721144750714302,1.1975876092910767
69,4,202408,3.1429924964904785,3.288867950439453,4.335450172424316,1.1975733041763306,2.058456630038563e-05,0.013306696899235249,1.1975939273834229
70,1,202406,4.139871120452881,3.288884162902832,4.457050323486328,1.1975822448730469,1.1579703342035064e-11,0.4528476297855377,1.1975822448730469
70,2,202407,3.874993324279785,3.288884162902832,4.355110168457031,1.1975822448730469,4.893340507100552e-14,0.21481436491012573,1.1975822448730469
70,3,202408,3.5817484855651855,3.288884162902832,4.335450172424316,1.1975822448730469,1.0234358303261339e-16,0.05363388732075691,1.1975822448730469
70,4,202409,3.202699899673462,3.288884162902832,4.058700084686279,1.1975822448730469,1.0594520238291229e-19,0.004644753411412239,1.1975822448730469
71,1,202407,4.066042900085449,3.288884162902832,4.355110168457031,1.1975822448730469,7.103925225848684e-10,0.37768152356147766,1.1975822448730469
71,2,202408,3.755735397338867,3.288884162902832,4.335450172424316,1.1975822448730469,5.092531396577726e-10,0.1362897902727127,1.1975822448730469
71,3,202409,3.4456489086151123,3.288884162902832,4.058700084686279,1.1975822448730469,3.600416909055326e-10,0.015367475338280201,1.1975822448730469
71,4,202410,3.123073101043701,3.288884162902832,3.7279701232910156,1.1975822448730469,2.5105686973780905e-10,0.01719232089817524,1.1975822448730469
72,1,202408,4.042339324951172,3.288884162902832,4.335450172424316,1.1975822448730469,3.789949687416083e-08,0.35499417781829834,1.1975822448730469
72,2,202409,3.7768213748931885,3.288884162902832,4.058700084686279,1.1975821256637573,2.125430995647548e-07,0.14887936413288116,1.1975823640823364
72,3,202410,3.4605209827423096,3.2888832092285156,3.7279701232910156,1.1975816488265991,1.0699690164983622e-06,0.01842176727950573,1.197582721710205
72,4,202411,3.0908775329589844,3.2888803482055664,3.3972201347351074,1.1975802183151245,4.834936135011958e-06,0.02451598085463047,1.197585105895996
73,1,202409,4.020556449890137,3.288884162902832,4.058700084686279,1.1975822448730469,1.6359550158995262e-08,0.3347647786140442,1.1975822448730469
73,2,202410,3.7561421394348145,3.288884162902832,3.7279701232910156,1.1975822448730469,2.2943449806689387e-08,0.13652728497982025,1.1975822448730469
73,3,202411,3.4540536403656006,3.288884162902832,3.3972201347351074,1.1975822448730469,3.205840926057135e-08,0.01705946773290634,1.1975822448730469
73,4,202412,3.090101718902588,3.288884162902832,3.085279941558838,1.1975822448730469,4.463004898980216e-08,0.024709397926926613,1.1975822448730469
74,1,202410,3.6982932090759277,3.2888753414154053,3.7279701232910156,1.1975774765014648,1.0958990060316864e-05,0.10481894016265869,1.1975884437561035
74,2,202411,3.4229750633239746,3.288799285888672,3.3972201347351074,1.1975363492965698,0.00010600742098176852,0.011257834732532501,1.1976423263549805
74,3,202412,3.1439733505249023,3.288715362548828,3.085279941558838,1.197490930557251,0.0002110222849296406,0.0131007619202137,1.1977019309997559
74,4,202413,2.822871685028076,3.2888150215148926,2.977029800415039,1.197544813156128,8.640929445391521e-05,0.13576026260852814,1.1976312398910522
75,1,202411,3.29341459274292,3.2887187004089355,3.3972201347351074,1.1974927186965942,0.00020687314099632204,1.3789997865387704e-05,1.1976995468139648
75,2,202412,3.000239372253418,3.288173198699951,3.085279941558838,1.197197675704956,0.0008879690431058407,0.05184321478009224,1.1980856657028198
75,3,202413,2.7419755458831787,3.288148880004883,2.977029800415039,1.197184443473816,0.0009184817899949849,0.18653804063796997,1.1981029510498047
75,4,202414,2.4911561012268066,3.2887020111083984,2.765860080718994,1.1974836587905884,0.00022766149777453393,0.3977571427822113,1.1977113485336304
76,1,202412,2.9802420139312744,3.2881765365600586,3.085279941558838,1.1971994638442993,0.0008837502100504935,0.05929572880268097,1.1980831623077393
76,2,202413,2.7080368995666504,3.2880935668945312,2.977029800415039,1.1971544027328491,0.000987785984762013,0.2104005515575409,1.198142170906067
76,3,202414,2.469857931137085,3.2886600494384766,2.765860080718994,1.1974608898162842,0.00028032102272845805,0.41924139857292175,1.1977412700653076
76,4,202415,2.2442867755889893,3.2888643741607666,2.5382399559020996,1.1975717544555664,2.5881581677822396e-05,0.6823194622993469,1.197597622871399
77,1,202413,2.8120903968811035,3.288046360015869,2.977029800415039,1.1971288919448853,0.0010465264786034822,0.14165762066841125,1.1981754302978516
77,2,202414,2.6220154762268066,3.288679361343384,2.765860080718994,1.1974714994430542,0.0002558481937739998,0.27792033553123474,1.1977273225784302
77,3,202415,2.4230728149414062,3.2888593673706055,2.5382399559020996,1.197569727897644,3.387653850950301e-05,0.4687359929084778,1.1976035833358765
77,4,202416,2.2007713317871094,3.2887887954711914,2.247469902038574,1.1975373029708862,0.00014244086924009025,0.7402496337890625,1.1976797580718994
78,1,202414,2.8493711948394775,3.2759785652160645,2.765860080718994,1.190601110458374,0.01601996086537838,0.11380543559789658,1.2066210508346558
78,2,202415,2.7313170433044434,3.2714216709136963,2.5382399559020996,1.1881362199783325,0.021626565605401993,0.18241578340530396,1.2097628116607666
78,3,202416,2.567208766937256,3.2671632766723633,2.247469902038574,1.1858329772949219,0.026842664927244186,0.3063701093196869,1.21267569065094
78,4,202417,2.33787202835083,3.2641215324401855,2.1914401054382324,1.184187889099121,0.03055669367313385,0.5364909768104553,1.2147445678710938
79,1,202415,2.681056499481201,3.2859573364257812,2.5382399559020996,1.195999026298523,0.0036514662206172943,0.22880986332893372,1.199650526046753
79,2,202416,2.5968990325927734,3.2877883911132812,2.247469902038574,1.1969901323318481,0.0013709815684705973,0.2984856963157654,1.1983611583709717
79,3,202417,2.4678878784179688,3.288545608520508,2.1914401054382324,1.1974059343338013,0.00044820632319897413,0.4211438000202179,1.1978541612625122
79,4,202418,2.2623820304870605,3.2884116172790527,2.0993099212646484,1.1973570585250854,0.0006990424590185285,0.6583033204078674,1.1980561017990112
80,1,202416,2.4124951362609863,3.288426399230957,2.247469902038574,1.1973353624343872,0.0005744262598454952,0.4797847867012024,1.1979098320007324
80,2,202417,2.3123488426208496,3.28873872756958,2.1914401054382324,1.1975103616714478,0.00020525492436718196,0.5961466431617737,1.1977156400680542
80,3,202418,2.176116704940796,3.2885499000549316,2.0993099212646484,1.197424292564392,0.000499207410030067,0.7738455533981323,1.1979235410690308
80,4,202419,1.9837775230407715,3.288445472717285,2.004879951477051,1.1973752975463867,0.0006556001026183367,1.0644036531448364,1.198030948638916
81,1,202417,2.146015167236328,3.288728713989258,2.1914401054382324,1.1975075006484985,0.00022733415244147182,0.8165472149848938,1.1977348327636719
81,2,202418,2.0708060264587402,3.288437843322754,2.0993099212646484,1.1973716020584106,0.0006666679983027279,0.9271251559257507,1.1980382204055786
81,3,202419,1.9420920610427856,3.2885618209838867,2.004879951477051,1.19743013381958,0.00048175742267630994,1.133703589439392,1.1979118585586548
81,4,202420,1.7787556648254395,3.2888336181640625,1.9765700101852417,1.1975584030151367,7.560742960777134e-05,1.4259525537490845,1.197633981704712
82,1,202418,2.114018678665161,3.2871475219726562,2.0993099212646484,1.1966884136199951,0.0023292768746614456,0.8605930805206299,1.1990176439285278
82,2,202419,2.0448386669158936,3.286815643310547,2.004879951477051,1.1965405941009521,0.002854523714631796,0.9645698070526123,1.1993950605392456
82,3,202420,1.923986792564392,3.286259174346924,1.9765700101852417,1.196286678314209,0.0037156855687499046,1.1604706048965454,1.2000023126602173
82,4,202421,1.7867934703826904,3.2854156494140625,1.9070700407028198,1.1958974599838257,0.005002294667065144,1.4043995141983032,1.2008997201919556
83,1,202419,2.0439836978912354,3.287911891937256,2.004879951477051,1.1971080303192139,0.001396779902279377,0.967602550983429,1.1985048055648804
83,2,202420,1.9949408769607544,3.287816286087036,1.9765700101852417,1.1970725059509277,0.0015736714703962207,1.0452488660812378,1.1986461877822876
83,3,202421,1.867509365081787,3.2877297401428223,1.9070700407028198,1.197035551071167,0.001716731465421617,1.2612985372543335,1.1987522840499878
83,4,202422,1.7247883081436157,3.2877516746520996,1.8765100240707397,1.197047472000122,0.001689261756837368,1.5275800228118896,1.1987367868423462
84,1,202420,1.9616515636444092,3.2827439308166504,1.9765700101852417,1.1946659088134766,0.009080098941922188,1.091371774673462,1.20374596118927
84,2,202421,1.9162343740463257,3.271792411804199,1.9070700407028198,1.1895074844360352,0.0253088790923357,1.149059534072876,1.2148163318634033
84,3,202422,1.782750129699707,3.2436084747314453,1.8765100240707397,1.1762210130691528,0.06634571403265,1.3345123529434204,1.242566704750061
84,4,202423,1.6089022159576416,3.1703460216522217,1.6606500148773193,1.141674280166626,0.16833820939064026,1.524611234664917,1.3100124597549438
85,1,202421,1.9422417879104614,3.2858822345733643,1.9070700407028198,1.196138858795166,0.004382851533591747,1.1289442777633667,1.20052170753479
85,2,202422,1.908148169517517,3.286055088043213,1.8765100240707397,1.196223497390747,0.004135957919061184,1.1872611045837402,1.2003594636917114
85,3,202423,1.792617917060852,3.2862367630004883,1.6606500148773193,1.1963121891021729,0.003875808324664831,1.3950377702713013,1.2001880407333374
85,4,202424,1.6688506603240967,3.286421775817871,1.581779956817627,1.1964019536972046,0.0036095045506954193,1.6361877918243408,1.2000114917755127
86,1,202422,1.8704071044921875,3.285459041595459,1.8765100240707397,1.1959563493728638,0.00507341930642724,1.2521352767944336,1.2010297775268555
86,2,202423,1.8210976123809814,3.2851758003234863,1.6606500148773193,1.1958271265029907,0.005510901100933552,1.3404018878936768,1.2013380527496338
86,3,202424,1.7165508270263672,3.285126209259033,1.581779956817627,1.1958062648773193,0.005594778805971146,1.5385695695877075,1.2014009952545166
86,4,202425,1.6061453819274902,3.2853426933288574,1.4924399852752686,1.1959102153778076,0.005277268122881651,1.76323401927948,1.2011874914169312
87,1,202423,1.8594837188720703,3.273575782775879,1.6606500148773193,1.1902916431427002,0.022478949278593063,1.2504370212554932,1.2127705812454224
87,2,202424,1.8281702995300293,3.2546205520629883,1.581779956817627,1.1812777519226074,0.04995402693748474,1.2723883390426636,1.2312318086624146
87,3,202425,1.7162271738052368,3.2057456970214844,1.4924399852752686,1.158087968826294,0.11890874058008194,1.387388825416565,1.2769967317581177
87,4,202426,1.56806218624115,3.0556492805480957,1.4663000106811523,1.0870658159255981,0.31268179416656494,1.3837928771972656,1.399747610092163
88,1,202424,1.639221429824829,3.2868266105651855,1.581779956817627,1.196611762046814,0.003071962157264352,1.6975116729736328,1.199683666229248
88,2,202425,1.6139798164367676,3.288196563720703,1.4924399852752686,1.1972578763961792,0.0010274763917550445,1.7527894973754883,1.1982853412628174
88,3,202426,1.5398502349853516,3.288784980773926,1.4663000106811523,1.197535514831543,0.00014808456762693822,1.9127299785614014,1.197683572769165
88,4,202427,1.4491281509399414,3.2888779640197754,1.376389980316162,1.1975793838500977,9.442485861654859e-06,2.1165273189544678,1.1975888013839722
89,1,202425,1.5832356214523315,3.2480356693267822,1.4924399852752686,1.1783121824264526,0.05997895449399948,1.7331275939941406,1.2382911443710327
89,2,202426,1.5754969120025635,3.195528984069824,1.4663000106811523,1.1535472869873047,0.13403010368347168,1.6411699056625366,1.2875773906707764
89,3,202427,1.4890116453170776,3.0726680755615234,1.376389980316162,1.0956037044525146,0.29384052753448486,1.5682969093322754,1.3894442319869995
89,4,202428,1.3778916597366333,2.7906861305236816,1.4554799795150757,0.9626198410987854,0.5892565846443176,1.2481430768966675,1.551876425743103
90,1,202426,1.4950551986694336,3.26413631439209,1.4663000106811523,1.1859097480773926,0.03659503906965256,1.9570497274398804,1.222504734992981
90,2,202427,1.4930322170257568,3.2680091857910156,1.376389980316162,1.1877368688583374,0.030920878052711487,1.970116376876831,1.2186577320098877
90,3,202428,1.4389296770095825,3.2746710777282715,1.4554799795150757,1.190878987312317,0.021112877875566483,2.107314348220825,1.2119919061660767
90,4,202429,1.3782250881195068,3.280888557434082,1.4523299932479858,1.1938114166259766,0.01190818939357996,2.2637598514556885,1.2057195901870728
91,1,202427,1.4922232627868652,3.2733888626098633,1.376389980316162,1.1902722120285034,0.02299763448536396,1.9838777780532837,1.213269829750061
91,2,202428,1.5067963600158691,3.2786593437194824,1.4554799795150757,1.1927582025527954,0.015208604745566845,1.9632092714309692,1.2079668045043945
91,3,202429,1.459363341331482,3.2820959091186523,1.4523299932479858,1.194379448890686,0.010110449977219105,2.0775539875030518,1.2044899463653564
91,4,202430,1.418887734413147,3.284275531768799,1.5221099853515625,1.1954076290130615,0.006870056502521038,2.1759281158447266,1.202277660369873
92,1,202428,1.4145753383636475,3.2136614322662354,1.4554799795150757,1.162104606628418,0.10886525362730026,2.023998737335205,1.2709698677062988
92,2,202429,1.447634220123291,3.1320347785949707,1.4523299932479858,1.1236094236373901,0.21900160610675812,1.7741780281066895,1.3426110744476318
92,3,202430,1.4123454093933105,2.9762449264526367,1.5221099853515625,1.05013906955719,0.4060777425765991,1.5294108390808105,1.456216812133789
92,4,202431,1.3757076263427734,2.7337496280670166,1.5354299545288086,0.9357792735099792,0.6368774771690369,1.1532747745513916,1.5726567506790161
93,1,202429,1.5104056596755981,3.2739715576171875,1.4523299932479858,1.1905460357666016,0.022134529426693916,1.9448660612106323,1.2126805782318115
93,2,202430,1.5512789487838745,3.2825584411621094,1.5221099853515625,1.1945968866348267,0.009420834481716156,1.8743067979812622,1.2040177583694458
93,3,202431,1.5270222425460815,3.2863895893096924,1.5354299545288086,1.1964044570922852,0.003719624597579241,1.9356170892715454,1.2001240253448486
93,4,202432,1.514346718788147,3.287947177886963,1.5398399829864502,1.1971397399902344,0.0013970636064186692,1.96706223487854,1.19853675365448
94,1,202430,1.5258694887161255,3.2347326278686523,1.5221099853515625,1.1720280647277832,0.07903341203927994,1.8260844945907593,1.2510614395141602
94,2,202431,1.5924675464630127,3.200000047683716,1.5354299545288086,1.1556222438812256,0.12773892283439636,1.6159425973892212,1.2833611965179443
94,3,202432,1.5896732807159424,3.130373477935791,1.5398399829864502,1.1227247714996338,0.220799058675766,1.4843719005584717,1.3435238599777222
94,4,202433,1.606312870979309,2.9798777103424072,1.5657700300216675,1.05161714553833,0.4012296497821808,1.1797900199890137,1.4528467655181885
95,1,202431,1.6206134557724,3.1476802825927734,1.5354299545288086,1.1309548616409302,0.1984216421842575,1.458217978477478,1.329376459121704
95,2,202432,1.7276990413665771,2.9815597534179688,1.5398399829864502,1.052596092224121,0.40002092719078064,0.983116626739502,1.4526170492172241
95,3,202433,1.7631129026412964,2.607970952987671,1.5657700300216675,0.8763984441757202,0.7273979783058167,0.4463483691215515,1.6037964820861816
95,4,202434,1.7982730865478516,1.961133360862732,1.769879937171936,0.5713542699813843,0.881573498249054,0.01658579893410206,1.452927827835083
96,1,202432,1.6474056243896484,3.152188777923584,1.5398399829864502,1.133094310760498,0.19251321256160736,1.415970802307129,1.3256075382232666
96,2,202433,1.7546930313110352,3.1075525283813477,1.5657700300216675,1.112040638923645,0.25033101439476013,1.1444891691207886,1.3623716831207275
96,3,202434,1.7839980125427246,3.0495874881744385,1.769879937171936,1.0847015380859375,0.3216962218284607,1.0015949010849,1.406397819519043
96,4,202435,1.8299241065979004,2.9720683097839355,1.9341399669647217,1.048140287399292,0.4105724096298218,0.8157332539558411,1.4587126970291138
97,1,202433,1.6642112731933594,3.1634035110473633,1.5657700300216675,1.1383856534957886,0.17760173976421356,1.405468225479126,1.3159873485565186
97,2,202434,1.774061918258667,3.16507625579834,1.769879937171936,1.1391736268997192,0.17536017298698425,1.2099560499191284,1.3145338296890259
97,3,202435,1.8025723695755005,3.1728577613830566,1.9341399669647217,1.1428426504135132,0.16489538550376892,1.1741629838943481,1.3077380657196045
97,4,202436,1.841793179512024,3.1841297149658203,1.920199990272522,1.1481575965881348,0.14960357546806335,1.1267540454864502,1.2977612018585205
98,1,202434,1.6907607316970825,3.24346923828125,1.769879937171936,1.1761579513549805,0.06655498594045639,1.5076003074645996,1.2427129745483398
98,2,202435,1.7944778203964233,3.2704360485076904,1.9341399669647217,1.1888790130615234,0.02734534628689289,1.3622428178787231,1.2162243127822876
98,3,202436,1.8317946195602417,3.281111240386963,1.920199990272522,1.1939152479171753,0.011572887189686298,1.3135089874267578,1.2054880857467651
98,4,202437,1.876173973083496,3.2850828170776367,1.9552799463272095,1.195788860321045,0.005669624079018831,1.2412867546081543,1.20145845413208
99,1,202435,1.904209017753601,3.2846922874450684,1.9341399669647217,1.1955429315567017,0.006032437086105347,1.1917046308517456,1.2015753984451294
99,2,202436,2.028770923614502,3.286867141723633,1.920199990272522,1.1965179443359375,0.002611727686598897,0.9897696375846863,1.1991297006607056
99,3,202437,2.086451292037964,3.286635398864746,1.9552799463272095,1.1963675022125244,0.0028130169957876205,0.9007453322410583,1.1991804838180542
99,4,202438,2.1433537006378174,3.2866153717041016,1.953029990196228,1.1963549852371216,0.002831796882674098,0.8173304200172424,1.1991868019104004
100,1,202436,2.0830299854278564,3.2851643562316895,1.920199990272522,1.1956665515899658,0.00498020276427269,0.9036751985549927,1.2006467580795288
100,2,202437,2.2230591773986816,3.2846648693084717,1.9552799463272095,1.1953153610229492,0.0053152707405388355,0.7047465443611145,1.2006306648254395
100,3,202438,2.290257215499878,3.2832798957824707,1.953029990196228,1.1945524215698242,0.006987874861806631,0.6166301369667053,1.2015403509140015
100,4,202439,2.35526704788208,3.2825708389282227,1.9349499940872192,1.1941672563552856,0.007863020524382591,0.5377130508422852,1.2020303010940552
101,1,202437,2.0826492309570312,3.276238441467285,1.9552799463272095,1.1914973258972168,0.018369417637586594,0.8908740282058716,1.2098667621612549
101,2,202438,2.2398855686187744,3.2708382606506348,1.953029990196228,1.1889235973358154,0.02624104730784893,0.6646358370780945,1.2151646614074707
101,3,202439,2.324169874191284,3.2626121044158936,1.9349499940872192,1.1850121021270752,0.0381927415728569,0.5507081747055054,1.2232048511505127
101,4,202440,2.4115452766418457,3.2495574951171875,1.9050899744033813,1.178817868232727,0.05703222006559372,0.439144492149353,1.2358500957489014
102,1,202438,2.119018316268921,3.286710262298584,1.953029990196228,1.1964997053146362,0.0030435409862548113,0.852634608745575,1.1995432376861572
102,2,202439,2.279534339904785,3.287848949432373,1.9349499940872192,1.197056531906128,0.0014141460414975882,0.6357676982879639,1.1984707117080688
102,3,202440,2.370375156402588,3.288358688354492,1.9050899744033813,1.1973105669021606,0.0007010389817878604,0.5269583463668823,1.1980116367340088
102,4,202441,2.4500038623809814,3.2886061668395996,2.0201399326324463,1.1974363327026367,0.00036361845559440553,0.4397627115249634,1.1977999210357666
103,1,202439,2.123302698135376,3.2860071659088135,1.9349499940872192,1.1962040662765503,0.004218888934701681,0.8453666567802429,1.200423002243042
103,2,202440,2.290644645690918,3.2865753173828125,1.9050899744033813,1.1964842081069946,0.0034151526633650064,0.6202468872070312,1.1998993158340454
103,3,202441,2.3919029235839844,3.286987781524658,2.0201399326324463,1.1966841220855713,0.00281872833147645,0.5009965896606445,1.1995028257369995
103,4,202442,2.477246046066284,3.2873072624206543,2.0703699588775635,1.196837067604065,0.0023496404755860567,0.41033846139907837,1.1991866827011108
104,1,202440,2.1157240867614746,3.283604860305786,1.9050899744033813,1.1950324773788452,0.007659744471311569,0.8529102802276611,1.2026922702789307
104,2,202441,2.291827440261841,3.2814767360687256,2.0201399326324463,1.1939992904663086,0.010719253681600094,0.6124477386474609,1.2047185897827148
104,3,202442,2.4033050537109375,3.2784743309020996,2.0703699588775635,1.1925405263900757,0.015020409598946571,0.47895050048828125,1.2075608968734741
104,4,202443,2.5053458213806152,3.2742133140563965,2.220439910888672,1.1904689073562622,0.021101856604218483,0.3696659207344055,1.2115707397460938
105,1,202441,2.1352992057800293,2.9968364238739014,2.0201399326324463,1.059844732284546,0.38307324051856995,0.46414586901664734,1.4429179430007935
105,2,202442,2.412212371826172,1.4585762023925781,2.0703699588775635,0.33441242575645447,0.6403628587722778,0.5686851143836975,0.9747753143310547
105,3,202443,2.362405776977539,0.9057789444923401,2.220439910888672,0.07371480762958527,0.009981665760278702,1.3267921209335327,0.08369646966457367
105,4,202444,2.4488863945007324,0.8991832733154297,2.3172500133514404,0.07060427218675613,0.00015301456733141094,1.5017701387405396,0.07075728476047516
106,1,202442,2.2115097045898438,3.278334856033325,2.0703699588775635,1.1924997568130493,0.01531556248664856,0.7116934061050415,1.2078152894973755
106,2,202443,2.3987677097320557,3.281632423400879,2.220439910888672,1.1939071416854858,0.009901156648993492,0.4874104857444763,1.203808307647705
106,3,202444,2.5330302715301514,3.2801642417907715,2.3172500133514404,1.1929481029510498,0.011139762587845325,0.3490627110004425,1.2040878534317017
106,4,202445,2.653590202331543,3.2752699851989746,2.47189998626709,1.1902408599853516,0.016974886879324913,0.24167944490909576,1.2072157859802246
107,1,202443,2.272693395614624,3.283247470855713,2.220439910888672,1.1948671340942383,0.008202197030186653,0.6385949850082397,1.2030693292617798
107,2,202444,2.4696664810180664,3.2856698036193848,2.3172500133514404,1.1960053443908691,0.00458122743293643,0.4163804352283478,1.2005865573883057
107,3,202445,2.6324663162231445,3.286827564239502,2.47189998626709,1.1965478658676147,0.0028429687954485416,0.267757385969162,1.1993908882141113
107,4,202446,2.769537925720215,3.2873876094818115,2.691699981689453,1.1968095302581787,0.001998840132728219,0.16769249737262726,1.1988083124160767
108,1,202444,2.4692647457122803,3.2881217002868652,2.3172500133514404,1.1971778869628906,0.000980827957391739,0.4192976653575897,1.1981587409973145
108,2,202445,2.7074649333953857,3.2883729934692383,2.47189998626709,1.1973061561584473,0.000640563725028187,0.21101872622966766,1.1979466676712036
108,3,202446,2.89683198928833,3.2885384559631348,2.691699981689453,1.1973952054977417,0.0004319898143876344,0.0959462970495224,1.1978272199630737
108,4,202447,3.0494742393493652,3.288675308227539,2.8894901275634766,1.1974692344665527,0.00026094651548191905,0.035779427736997604,1.1977301836013794
109,1,202445,2.600822925567627,3.285831928253174,2.47189998626709,1.1959370374679565,0.0038288282230496407,0.2934260368347168,1.199765920639038
109,2,202446,2.863408088684082,3.283303737640381,2.691699981689453,1.194564938545227,0.006957425735890865,0.11025255173444748,1.2015223503112793
109,3,202447,3.070821762084961,3.279764175415039,2.8894901275634766,1.1926493644714355,0.011342894285917282,0.027299823239445686,1.203992247581482
109,4,202448,3.2310264110565186,3.2758302688598633,3.1828298568725586,1.190521001815796,0.0162030179053545,0.001255264738574624,1.2067240476608276
110,1,202446,2.7776527404785156,3.2852232456207275,2.691699981689453,1.195602297782898,0.004567063879221678,0.16110141575336456,1.200169324874878
110,2,202447,3.0530169010162354,3.284761428833008,2.8894901275634766,1.1953520774841309,0.005140362307429314,0.03358347341418266,1.2004923820495605
110,3,202448,3.238905191421509,3.2851004600524902,3.1828298568725586,1.1955355405807495,0.004718319047242403,0.0013344509061425924,1.2002538442611694
110,4,202449,3.3779468536376953,3.2860660552978516,3.317999839782715,1.196057677268982,0.0035162540152668953,0.005279072560369968,1.1995738744735718
111,1,202447,3.031492233276367,3.280825614929199,2.8894901275634766,1.193223237991333,0.01002743560820818,0.03887472301721573,1.2032506465911865
111,2,202448,3.3070080280303955,3.282407522201538,3.1828298568725586,1.1940789222717285,0.008065569214522839,0.00037843501195311546,1.2021445035934448
111,3,202449,3.4925613403320312,3.286558151245117,3.317999839782715,1.1963239908218384,0.002902928739786148,0.02653721533715725,1.199226975440979
111,4,202450,3.634908676147461,3.288503646850586,3.7879300117492676,1.1973763704299927,0.00047548054135404527,0.0750368982553482,1.1978518962860107
112,1,202448,3.3233535289764404,3.285295009613037,3.1828298568725586,1.1956408023834229,0.004476245958358049,0.0009057509596459568,1.2001169919967651
112,2,202449,3.6746654510498047,3.2873520851135254,3.317999839782715,1.1967535018920898,0.0019125891849398613,0.09380605816841125,1.1986660957336426
112,3,202450,3.903717517852783,3.2884297370910645,3.7879300117492676,1.197336196899414,0.0005680638714693487,0.23673540353775024,1.1979042291641235
112,4,202451,4.054166793823242,3.2887892723083496,4.944890022277832,1.19753098487854,0.00011847844143630937,0.3663174510002136,1.1976494789123535
113,1,202449,3.7081239223480225,3.288541316986084,3.317999839782715,1.1973966360092163,0.0004285145259927958,0.11008837819099426,1.1978251934051514
113,2,202450,4.127852439880371,3.2888801097869873,3.7879300117492676,1.197580099105835,5.096530458104098e-06,0.4401507079601288,1.1975852251052856
113,3,202451,4.369342803955078,3.288884162902832,4.944890022277832,1.1975822448730469,5.085363685708444e-09,0.7299992442131042,1.1975822448730469
113,4,202452,4.490108013153076,3.288884162902832,6.743490219116211,1.1975822448730469,4.198707082968961e-13,0.9023066759109497,1.1975822448730469
114,1,202450,3.8199515342712402,3.2883810997009277,3.7879300117492676,1.197310209274292,0.000628254609182477,0.17669649422168732,1.1979384422302246
114,2,202451,4.246739387512207,3.288789749145508,4.944890022277832,1.1975312232971191,0.00011794231977546588,0.573841392993927,1.1976491212844849
114,3,202452,4.4481201171875,3.2888693809509277,6.743490219116211,1.197574257850647,1.8518290744395927e-05,0.8403513431549072,1.1975927352905273
114,4,202501,4.520092010498047,3.288882255554199,6.253979682922363,1.197581171989441,2.4093292267934885e-06,0.9479172229766846,1.197583556175232
115,1,202451,4.278895854949951,3.288884162902832,4.944890022277832,1.1975822448730469,3.783884316987951e-09,0.6128961443901062,1.1975822448730469
115,2,202452,4.637345790863037,3.288884162902832,6.743490219116211,1.1975822448730469,3.0713650481413446e-13,1.1370606422424316,1.1975822448730469
115,3,202501,4.792878150939941,3.288884162902832,6.253979682922363,1.1975822448730469,1.3845355296767171e-18,1.4144856929779053,1.1975822448730469
115,4,202502,4.783733367919922,3.288884162902832,5.305119514465332,1.1975822448730469,3.466148567837954e-25,1.3973363637924194,1.1975822448730469
116,1,202452,5.244163513183594,3.288884162902832,6.743490219116211,1.1975822448730469,2.027486073529917e-31,2.3906939029693604,1.1975822448730469
116,2,202501,5.313425064086914,3.288884162902832,6.253979682922363,1.1975822448730469,2.027486073529917e-31,2.563063859939575,1.1975822448730469
116,3,202502,5.302628517150879,3.288884162902832,5.305119514465332,1.1975822448730469,2.027486073529917e-31,2.5358002185821533,1.1975822448730469
116,4,202503,5.097560882568359,3.288884162902832,5.745579719543457,1.1975822448730469,2.027486073529917e-31,2.045635938644409,1.1975822448730469
117,1,202501,6.939912796020508,3.288884162902832,6.253979682922363,1.1975822448730469,2.027486073529917e-31,8.33559799194336,1.1975822448730469
117,2,202502,6.890866279602051,3.288884162902832,5.305119514465332,1.1975822448730469,2.027486073529917e-31,8.113149642944336,1.1975822448730469
117,3,202503,6.765259742736816,3.288884162902832,5.745579719543457,1.1975822448730469,2.027486073529917e-31,7.557178497314453,1.1975822448730469
117,4,202504,6.525457382202148,3.288884162902832,6.986929893493652,1.1975822448730469,2.027486073529917e-31,6.550543308258057,1.1975822448730469
118,1,202502,6.171428680419922,3.288884162902832,5.305119514465332,1.1975822448730469,1.5108486891401282e-30,5.195871353149414,1.1975822448730469
118,2,202503,5.993852615356445,3.288884162902832,5.745579719543457,1.1975822448730469,2.2826574069219314e-21,4.575416564941406,1.1975822448730469
118,3,202504,5.7775373458862305,3.288884162902832,6.986929893493652,1.1975822448730469,1.5847944091480597e-14,3.872889518737793,1.1975822448730469
118,4,202505,5.4806809425354,3.288884162902832,7.798979759216309,1.1975822448730469,4.794825092524491e-10,3.0040485858917236,1.1975822448730469
119,1,202503,5.304253578186035,3.288884162902832,5.745579719543457,1.1975822448730469,1.963428823744246e-17,2.539893865585327,1.1975822448730469
119,2,202504,5.2250237464904785,3.288884162902832,6.986929893493652,1.1975822448730469,3.754936465927283e-12,2.344119071960449,1.1975822448730469
119,3,202505,5.040291786193848,3.288884162902832,7.798979759216309,1.1975822448730469,1.2037209607979743e-13,1.9181430339813232,1.1975822448730469
119,4,202506,4.688189506530762,3.288884162902832,7.843779563903809,1.1975822448730469,6.178093675243744e-16,1.224422812461853,1.1975822448730469
120,1,202504,5.779852867126465,3.288884162902832,6.986929893493652,1.1975822448730469,2.027486073529917e-31,3.8800997734069824,1.1975822448730469
120,2,202505,5.705371856689453,3.288884162902832,7.798979759216309,1.1975822448730469,2.027486073529917e-31,3.651536464691162,1.1975822448730469
120,3,202506,5.520337104797363,3.288884162902832,7.843779563903809,1.1975822448730469,2.027486073529917e-31,3.1137359142303467,1.1975822448730469
120,4,202507,5.146199703216553,3.288884162902832,6.936920166015625,1.1975822448730469,2.027486073529917e-31,2.157136917114258,1.1975822448730469
121,1,202505,7.0147600173950195,3.288884162902832,7.798979759216309,1.1975822448730469,2.027486073529917e-31,8.680866241455078,1.1975822448730469
121,2,202506,6.8934736251831055,3.288884162902832,7.843779563903809,1.1975822448730469,2.027486073529917e-31,8.124899864196777,1.1975822448730469
121,3,202507,6.659478187561035,3.288884162902832,6.936920166015625,1.1975822448730469,2.027486073529917e-31,7.104268550872803,1.1975822448730469
121,4,202508,6.2939558029174805,3.288884162902832,5.90071964263916,1.1975822448730469,2.027486073529917e-31,5.646976470947266,1.1975822448730469
122,1,202506,7.506516456604004,3.288884162902832,7.843779563903809,1.1975822448730469,2.027486073529917e-31,11.123558044433594,1.1975822448730469
122,2,202507,7.197469711303711,3.288884162902832,6.936920166015625,1.1975822448730469,2.027486073529917e-31,9.553129196166992,1.1975822448730469
122,3,202508,6.858457565307617,3.288884162902832,5.90071964263916,1.1975822448730469,2.027486073529917e-31,7.967809200286865,1.1975822448730469
122,4,202509,6.5358123779296875,3.288884162902832,4.874059677124023,1.1975822448730469,2.027486073529917e-31,6.592525959014893,1.1975822448730469
123,1,202507,7.373319625854492,3.288884162902832,6.936920166015625,1.1975822448730469,2.027486073529917e-31,10.432068824768066,1.1975822448730469
123,2,202508,7.022710800170898,3.288884162902832,5.90071964263916,1.1975822448730469,2.027486073529917e-31,8.71795654296875,1.1975822448730469
123,3,202509,6.693240165710449,3.288884162902832,4.874059677124023,1.1975822448730469,2.027486073529917e-31,7.247302532196045,1.1975822448730469
123,4,202510,6.457282066345215,3.288884162902832,4.26678991317749,1.1975822448730469,2.027486073529917e-31,6.277486324310303,1.1975822448730469
124,1,202508,6.452919960021973,3.288884162902832,5.90071964263916,1.1975822448730469,2.027486073529917e-31,6.260211944580078,1.1975822448730469
124,2,202509,6.102197647094727,3.288884162902832,4.874059677124023,1.1975822448730469,2.7251195040479195e-25,4.949286937713623,1.1975822448730469
124,3,202510,5.762797832489014,3.288884162902832,4.26678991317749,1.1975822448730469,2.7807259448488003e-15,3.8271498680114746,1.1975822448730469
124,4,202511,5.548975467681885,3.288884162902832,3.8100600242614746,1.1975822448730469,1.1968677784968129e-11,3.1941723823547363,1.1975822448730469
125,1,202509,5.445586681365967,3.288884162902832,4.874059677124023,1.1975822448730469,1.21004468796357e-24,2.9086191654205322,1.1975822448730469
125,2,202510,5.10062313079834,3.288884162902832,4.26678991317749,1.1975822448730469,3.3082330769268345e-15,2.0525689125061035,1.1975822448730469
125,3,202511,4.755059242248535,3.288884162902832,3.8100600242614746,1.1975822448730469,2.0079021724375007e-13,1.3442437648773193,1.1975822448730469
125,4,202512,4.5282440185546875,3.288884162902832,3.2523200511932373,1.1975822448730469,1.664876841361197e-17,0.9605084657669067,1.1975822448730469
126,1,202510,4.443643569946289,3.288884162902832,4.26678991317749,1.1975822448730469,3.2459977546437984e-15,0.8338530659675598,1.1975822448730469
126,2,202511,4.100065231323242,3.288884162902832,3.8100600242614746,1.1975822448730469,4.229182989597992e-14,0.4114733040332794,1.1975822448730469
126,3,202512,3.7779507637023926,3.288884162902832,3.2523200511932373,1.1975822448730469,2.111877717041279e-18,0.14956927299499512,1.1975822448730469
126,4,202513,3.5558340549468994,3.288884162902832,2.8999900817871094,1.1975822448730469,1.0819550684968445e-20,0.044562093913555145,1.1975822448730469
127,1,202511,3.8219716548919678,3.288884162902832,3.8100600242614746,1.1975821256637573,8.456482447627423e-08,0.1777065396308899,1.1975822448730469
127,2,202512,3.4924960136413574,3.2888827323913574,3.2523200511932373,1.19758141040802,1.8406013850835734e-06,0.02592499740421772,1.1975831985473633
127,3,202513,3.201913833618164,3.288884162902832,2.8999900817871094,1.1975821256637573,1.846034649588546e-07,0.004729844629764557,1.1975823640823364
127,4,202514,2.9967362880706787,3.288884162902832,2.56141996383667,1.1975822448730469,1.7560978449182585e-08,0.05337182432413101,1.1975822448730469
128,1,202512,3.3388423919677734,3.288869619369507,3.2523200511932373,1.197574257850647,1.83419106178917e-05,0.001561615732498467,1.1975926160812378
128,2,202513,3.016643524169922,3.288865804672241,2.8999900817871094,1.1975722312927246,2.3129307010094635e-05,0.04633978009223938,1.1975953578948975
128,3,202514,2.7562272548675537,3.2888832092285156,2.56141996383667,1.1975816488265991,1.045056592374749e-06,0.17741906642913818,1.197582721710205
128,4,202515,2.5705690383911133,3.288884162902832,2.4106600284576416,1.1975821256637573,1.1883441430882158e-07,0.32265353202819824,1.1975822448730469
129,1,202513,2.8870761394500732,3.2888805866241455,2.8999900817871094,1.1975802183151245,4.620423624146497e-06,0.10095686465501785,1.197584867477417
129,2,202514,2.6304636001586914,3.288884162902832,2.56141996383667,1.1975821256637573,1.0177899412155966e-07,0.2710896134376526,1.1975822448730469
129,3,202515,2.4064743518829346,3.288883924484253,2.4106600284576416,1.1975821256637573,3.450563212936686e-07,0.4869079291820526,1.197582483291626
129,4,202516,2.217918634414673,3.288884162902832,2.269659996032715,1.1975822448730469,2.0441092374312575e-08,0.717228353023529,1.1975822448730469
130,1,202514,2.5535285472869873,3.2886900901794434,2.56141996383667,1.197477102279663,0.00024265611136797816,0.3379650115966797,1.1977198123931885
130,2,202515,2.3164589405059814,3.288853645324707,2.4106600284576416,1.1975661516189575,4.0118611650541425e-05,0.5912776589393616,1.1976063251495361
130,3,202516,2.122964859008789,3.288760185241699,2.269659996032715,1.1975237131118774,0.00018539177835918963,0.8498669266700745,1.197709083557129
130,4,202517,1.9431450366973877,3.2886767387390137,2.1665399074554443,1.1974843740463257,0.00031000064336694777,1.132124662399292,1.1977943181991577
131,1,202515,2.3244683742523193,3.288799285888672,2.4106600284576416,1.1975370645523071,0.0001085727199097164,0.5815119743347168,1.197645664215088
131,2,202516,2.149728536605835,3.288642406463623,2.269659996032715,1.1974678039550781,0.0003599214251153171,0.8111258149147034,1.197827696800232
131,3,202517,1.9882378578186035,3.2882208824157715,2.1665399074554443,1.197269320487976,0.0009911401430144906,1.0567729473114014,1.1982604265213013
131,4,202518,1.8192329406738281,3.2886481285095215,1.9995800256729126,1.1974709033966064,0.00035252407542429864,1.3501920700073242,1.197823405265808
132,1,202516,2.242331027984619,3.2867536544799805,2.269659996032715,1.1964565515518188,0.0027528360951691866,0.6821173429489136,1.1992093324661255
132,2,202517,2.1093029975891113,3.2848567962646484,2.1665399074554443,1.195604920387268,0.0057332441210746765,0.8641543984413147,1.2013381719589233
132,3,202518,1.9634016752243042,3.273329734802246,1.9995800256729126,1.190204381942749,0.022943979129195213,1.073003888130188,1.2131483554840088
132,4,202519,1.7683442831039429,3.2304656505584717,1.8965699672698975,1.1700129508972168,0.0850987434387207,1.3368208408355713,1.2551116943359375
133,1,202517,2.1589908599853516,3.286482334136963,2.1665399074554443,1.1963845491409302,0.00335601344704628,0.7949371933937073,1.1997405290603638
133,2,202518,2.0559163093566895,3.2830958366394043,1.9995800256729126,1.1948215961456299,0.008520242758095264,0.9417216777801514,1.2033418416976929
133,3,202519,1.9332249164581299,3.274402141571045,1.8965699672698975,1.1907401084899902,0.021466678008437157,1.1248090267181396,1.2122068405151367
133,4,202520,1.7822904586791992,3.2599523067474365,1.8640199899673462,1.1839337348937988,0.0426972471177578,1.365389347076416,1.2266309261322021
134,1,202518,2.0808265209198,3.2857022285461426,1.9995800256729126,1.1960455179214478,0.004620783496648073,0.9078015685081482,1.2006663084030151
134,2,202519,2.00274920463562,3.283705234527588,1.8965699672698975,1.1951258182525635,0.0076738931238651276,1.0260646343231201,1.202799677848816
134,3,202520,1.8811620473861694,3.2810091972351074,1.8640199899673462,1.1938636302947998,0.011713189072906971,1.2253708839416504,1.205576777458191
134,4,202521,1.730094075202942,3.2786808013916016,1.816100001335144,1.192768931388855,0.015177632682025433,1.4996070861816406,1.207946538925171
135,1,202519,1.926302433013916,3.2829813957214355,1.8965699672698975,1.1947925090789795,0.008778616786003113,1.1509608030319214,1.203571081161499
135,2,202520,1.863556981086731,3.2794861793518066,1.8640199899673462,1.1931486129760742,0.013983340933918953,1.2536882162094116,1.2071319818496704
135,3,202521,1.747868299484253,3.2794759273529053,1.816100001335144,1.1931450366973877,0.014003065414726734,1.4669032096862793,1.2071480751037598
135,4,202522,1.6112148761749268,3.283346652984619,1.8261499404907227,1.194970726966858,0.008255545049905777,1.7484267950057983,1.2032263278961182
136,1,202520,1.8337599039077759,3.2622780799865723,1.8640199899673462,1.1850260496139526,0.03928684443235397,1.2760802507400513,1.2243129014968872
136,2,202521,1.7647945880889893,3.2338614463806152,1.816100001335144,1.1716296672821045,0.080319344997406,1.3495516777038574,1.2519490718841553
136,3,202522,1.62713623046875,3.186981678009033,1.8261499404907227,1.1495237350463867,0.1457844078540802,1.5214920043945312,1.2953081130981445
136,4,202523,1.465508222579956,3.1259498596191406,1.604200005531311,1.1207423210144043,0.22688663005828857,1.7240653038024902,1.3476289510726929
137,1,202521,1.8072574138641357,3.2589941024780273,1.816100001335144,1.1834685802459717,0.04404781758785248,1.3178987503051758,1.2275164127349854
137,2,202522,1.7387681007385254,3.252117156982422,1.8261499404907227,1.1802282333374023,0.054047081619501114,1.432137370109558,1.2342753410339355
137,3,202523,1.6228728294372559,3.2451019287109375,1.604200005531311,1.176922082901001,0.06418565660715103,1.6456246376037598,1.241107702255249
137,4,202524,1.4965314865112305,3.2378745079040527,1.404900074005127,1.1735156774520874,0.07456526160240173,1.8961601257324219,1.2480809688568115
138,1,202522,1.777644395828247,3.2516262531280518,1.8261499404907227,1.1799989938735962,0.054766345769166946,1.3585971593856812,1.2347652912139893
138,2,202523,1.724226713180542,3.2431750297546387,1.604200005531311,1.1760157346725464,0.06696536391973495,1.4427542686462402,1.2429810762405396
138,3,202524,1.6179296970367432,3.234910488128662,1.404900074005127,1.1721199750900269,0.07880815863609314,1.634993553161621,1.2509281635284424
138,4,202525,1.5045075416564941,3.2279860973358154,1.3199900388717651,1.1688562631607056,0.08866456151008606,1.857454538345337,1.2575207948684692
139,1,202523,1.7825088500976562,3.1344757080078125,1.604200005531311,1.1246685981750488,0.2155040204524994,1.1429797410964966,1.3401726484298706
139,2,202524,1.7147533893585205,2.849295139312744,1.404900074005127,0.9900726079940796,0.5353789329528809,0.8049103021621704,1.5254515409469604
139,3,202525,1.5602245330810547,2.052164077758789,1.3199900388717651,0.6140690445899963,0.8907557129859924,0.15133166313171387,1.5048247575759888
139,4,202526,1.4799225330352783,1.1609587669372559,1.1798899173736572,0.1938975751399994,0.34790343046188354,0.06361933797597885,0.5418009757995605
140,1,202524,1.5761911869049072,3.28391695022583,1.404900074005127,1.1952396631240845,0.0074071697890758514,1.823655128479004,1.2026468515396118
140,2,202525,1.5355861186981201,3.288084030151367,1.3199900388717651,1.1972047090530396,0.0011956155067309737,1.920531153678894,1.1984003782272339
140,3,202526,1.4619895219802856,3.288815498352051,1.1798899173736572,1.1975497007369995,0.00010291380749549717,2.086895227432251,1.1976525783538818
140,4,202527,1.3759886026382446,3.288881301879883,1.1080000400543213,1.1975809335708618,4.361998435342684e-06,2.2881667613983154,1.1975853443145752
141,1,202525,1.3813660144805908,3.2289187908172607,1.3199900388717651,1.1693025827407837,0.08736363053321838,2.134519577026367,1.2566661834716797
141,2,202526,1.3475065231323242,3.2461013793945312,1.1798899173736572,1.177405834197998,0.06279033422470093,2.254088878631592,1.2401962280273438
141,3,202527,1.285609483718872,3.279547691345215,1.1080000400543213,1.1931790113449097,0.013898257166147232,2.48616361618042,1.2070772647857666
141,4,202528,1.2104465961456299,3.28818941116333,1.1563799381256104,1.1972546577453613,0.0010377721628174186,2.6995418071746826,1.1982923746109009
142,1,202526,1.302033543586731,3.0161290168762207,1.1798899173736572,1.0689501762390137,0.36108115315437317,1.8372842073440552,1.4300312995910645
142,2,202527,1.265883207321167,2.782444715499878,1.1080000400543213,0.9587451219558716,0.5964374542236328,1.4382237195968628,1.5551825761795044
142,3,202528,1.1793543100357056,2.5211849212646484,1.1563799381256104,0.8355355858802795,0.7787066102027893,1.12590491771698,1.6142421960830688
142,4,202529,1.0712885856628418,2.35544490814209,1.0573599338531494,0.757373034954071,0.850081205368042,1.0311980247497559,1.6074542999267578
143,1,202527,1.1801798343658447,3.2438316345214844,1.1080000400543213,1.1763354539871216,0.06605749577283859,2.6630492210388184,1.242392897605896
143,2,202528,1.167992115020752,3.281583786010742,1.1563799381256104,1.1941393613815308,0.01087638083845377,2.793498992919922,1.205015778541565
143,3,202529,1.1241892576217651,3.2880167961120605,1.0573599338531494,1.1971731185913086,0.0012961446773260832,2.9278688430786133,1.1984692811965942
143,4,202530,1.0784989595413208,3.2887773513793945,1.0324199199676514,1.1975319385528564,0.0001595236681168899,3.0549240112304688,1.1976914405822754
144,1,202528,1.1288599967956543,2.7397055625915527,1.1563799381256104,0.9385889172554016,0.632093071937561,1.6226098537445068,1.5706820487976074
144,2,202529,1.1328582763671875,2.0196685791015625,1.0573599338531494,0.5990199446678162,0.8893705010414124,0.49177658557891846,1.4883904457092285
144,3,202530,1.0815796852111816,1.2749879360198975,1.0324199199676514,0.24783052504062653,0.4733867347240448,0.023391420021653175,0.7212172746658325
144,4,202531,1.0538601875305176,0.98426753282547,1.0583200454711914,0.11072814464569092,0.12275965511798859,0.0030285357497632504,0.2334877997636795
145,1,202529,1.199594497680664,2.878244638442993,1.0573599338531494,1.003920078277588,0.508197546005249,1.762084722518921,1.512117624282837
145,2,202530,1.2282249927520752,2.7631452083587646,1.0324199199676514,0.9496377110481262,0.6128013134002686,1.4732553958892822,1.56243896484375
145,3,202531,1.194349765777588,2.661602258682251,1.0583200454711914,0.9017480611801147,0.6913260817527771,1.3462200164794922,1.593074083328247
145,4,202532,1.1719799041748047,2.604344367980957,1.1496500968933105,0.8747425675392151,0.7299129962921143,1.282961130142212,1.6046555042266846
146,1,202530,1.1098835468292236,3.1688013076782227,1.0324199199676514,1.140951156616211,0.1704338937997818,2.650845527648926,1.3113850355148315
146,2,202531,1.1392813920974731,3.2664847373962402,1.0583200454711914,1.1870185136795044,0.03315982222557068,2.8295953273773193,1.2201783657073975
146,3,202532,1.1263296604156494,3.286001205444336,1.1496500968933105,1.1962225437164307,0.004303010180592537,2.916633367538452,1.2005255222320557
146,4,202533,1.1271395683288574,3.2883403301239014,1.2139499187469482,1.1973257064819336,0.0008126598550006747,2.920764923095703,1.1981383562088013
147,1,202531,1.0970449447631836,3.216858386993408,1.0583200454711914,1.1636146306991577,0.1043904572725296,2.8099703788757324,1.268005132675171
147,2,202532,1.1433244943618774,3.2656912803649902,1.1496500968933105,1.186644434928894,0.03432293236255646,2.8167433738708496,1.220967411994934
147,3,202533,1.1458168029785156,3.280700206756592,1.2139499187469482,1.1937226057052612,0.01218830794095993,2.850064754486084,1.2059109210968018
147,4,202534,1.1598055362701416,3.2850887775421143,1.4576499462127686,1.1957921981811523,0.005663110408931971,2.8244898319244385,1.2014553546905518
148,1,202532,1.1356093883514404,3.226118326187134,1.1496500968933105,1.1679801940917969,0.0913279727101326,2.732816219329834,1.2593082189559937
148,2,202533,1.2020978927612305,3.236820697784424,1.2139499187469482,1.1730263233184814,0.0760984942317009,2.5889101028442383,1.2491247653961182
148,3,202534,1.2225580215454102,3.239870071411133,1.4576499462127686,1.1744624376296997,0.07172772288322449,2.5447933673858643,1.2461901903152466
148,4,202535,1.252233624458313,3.2401068210601807,1.7911299467086792,1.17457115650177,0.0713779628276825,2.471062660217285,1.245949149131775
